;Interpret;Titel;Genre;Jahr;Länge;Album
0001;30 Seconds To Mars;A Beautiful Lie;Other;2007;4:10;-
0002;30 Seconds To Mars;From Yesterday;-;-;4:08;-
0003;30 Seconds To Mars;The Kill (Bury Me);Rock;-;3:51;A Beautiful Lie
0004;4 Non Blondes;What's Up;-;-;4:52;-
0005;A-ha;Take On Me [VIDEO];-;-;3:49;UltraStar (Singstar)
0006;A-teens;Mamma Mia;-;-;3:42;The Abba Generation
0007;Aaliyah;Try Again [VIDEO];-;-;3:58;Aaliyah Edition 2004
0008;ABBA;Angeleyes;80s;1979;4:21;Voulez‐Vous
0009;ABBA;Bang-a-boomerang [VIDEO];80s;1975;3:02;ABBA
0010;ABBA;Dancing Queen [VIDEO];-;-;3:52;-
0011;ABBA;Does Your Mother Know [VIDEO];80s;1979;3:11;Voulez‐Vous
0012;ABBA;Gimme! Gimme! Gimme! (a Man After Midnight) [VIDEO];80s;2001;3:30;The Name of The Game
0013;ABBA;I Have a Dream;Pop;1999;4:44;Gold Greatest Hits
0014;ABBA;If It Wasn’t for the Nights;80s;1979;5:09;Voulez‐Vous
0015;ABBA;Knowing Me, Knowing You [VIDEO];Pop;1999;4:02;Gold Greatest Hits
0016;ABBA;Lay All Your Love on Me;80s;1980;4:34;Super Trouper
0017;ABBA;Money, Money, Money;Disco;2001;3:05;The Definitive Collection (CD 1)
0018;ABBA;One of Us;Classical;1992;3:58;Gold
0019;ABBA;Sos [VIDEO];80s;1975;3:18;ABBA
0020;ABBA;Super Trouper [VIDEO];80s;1980;4:10;Super Trouper
0021;ABBA;Take a Chance on Me [VIDEO];80s;1977;3:58;The Album
0022;ABBA;That’s Me [VIDEO];80s;1976;3:16;Arrival
0023;ABBA;The Name of the Game [VIDEO];80s;1977;4:56;The Album
0024;ABBA;The Winner Takes It All;Classical;1992;4:56;Gold
0025;ABBA;Voulez-vous [VIDEO];80s;1979;4:13;Voulez‐Vous
0026;ABBA;Waterloo;Oldies;1974;2:44;Waterloo
0027;ABBA;When All Is Said and Done [VIDEO];80s;1981;3:13;The Visitors
0028;ABC;The Look of Love;New Wave;-;3:31;New Wave 80's
0029;Ace Of Base;All That She Wants [VIDEO];Dance;-;3:30;UltraStar
0030;Acht Eimer Hühnerherzen;Eis Auf Ex [VIDEO];Acoustic;2018;2:33;-
0031;AeroSmith;Don't Want to Miss a Thing;Soundtrack;1998;4:56;Armageddon
0032;Aerosmith;Pink;-;-;3:55;-
0033;Afterburner;My Sharona;-;-;4:03;-
0034;Alanis Morissette;Ironic;-;-;4:05;-
0035;Alex C. Feat. Y-ass;Du Hast Den Schönsten Arsch Der Welt;TRANCE;-;1:57;-
0036;Alice Cooper;No More Mr. Nice Guy;-;1973;3:06;Billion Dollar Babies
0037;Alice Cooper;Poison [VIDEO];Rock;-;4:29;Trash
0038;Alice In Chains;Would;-;-;3:28;UltraStar
0039;Alicia Keys;Fallin';-;-;3:27;-
0040;Almklausi;Ich Vermiss Dich (Wie Die Hölle);-;-;3:20;-
0041;Almklausi;Lo Lo Los Gehts;-;-;3:15;-
0042;Alphaville;Forever Young [VIDEO];-;-;3:43;-
0043;America;The Last Unicorn;Oldies;-;3:09;Uploaded by Simpson
0044;Amy MacDonald;Let´s Start a Band;Rock;2007;4:05;This is the Life
0045;Amy MacDonald;Mr Rock and Roll [VIDEO];Pop;2007;3:35;This Is The Life
0046;Amy MacDonald;This Is the Life [VIDEO];Other;2008;3:07;German Top 100 Single Charts
0047;Amy Winehouse;Rehab [VIDEO];-;2008;3:44;-
0048;Anastacia;I’m Outta Love [VIDEO];80s;2000;4:04;Not That Kind
0049;Anastacia;One Day in Your Life [VIDEO];80s;2001;3:27;Freak of Nature
0050;Anastacia;Sick and Tired;-;2004;3:30;Anastacia
0051;Andrea Berg;Gefühle;-;-;3:29;-
0052;Anna-Maria Zimmermann;Wer Ist Dieser DJ;-;-;3:46;-
0053;Annett Louisan;Annett Louisan-das Spiel;-;2004;3:02;Boheme
0054;Annett Louisan;Das Gefühl;-;-;2:44;-
0055;Annie Lennox;Into the West;-;-;5:48;-
0056;Annie Lennox;Sweet Dreams;-;-;3:37;-
0057;Apache 207;200 Km/h [VIDEO];Rap;2019;2:43;-
0058;Apache 207;Roller [VIDEO];Rap;2019;2:56;-
0059;Aqua;Barbie Girl [VIDEO];-;-;3:22;-
0060;Aqua;Cartoon Heroes [VIDEO];Other;2007;3:44;Ultrstar - Pop Hits
0061;Aretha Franklin;Respect;-;-;2:25;Singstar Legends
0062;Arsenium;Rumadai;-;-;3:34;-
0063;Ashlee Simpson;Pieces of Me;-;-;3:11;-
0064;Atomic Kitten;Eternal Flame;-;-;3:12;UltraStar (Singstar)
0065;Audioslave;Be Yourself;Other;-;4:39;-
0066;Avenue Q;Internet Is for Porn;-;-;2:59;-
0067;Avenue Q;There's a Fine, Fine Line;Musical;-;2:42;Avenue Q- The Musical
0068;Avicii;Addicted to You;Unknown;-;3:23;-
0069;Avril Lavigne;Complicated [VIDEO];-;-;4:13;UltraStar (Singstar)
0070;Avril Lavigne;Don't Tell Me [VIDEO];Other;-;3:27;-
0071;Avril Lavigne;Girlfriend [VIDEO];Other;-;3:50;-
0072;Avril Lavigne;He Wasn't;Rock;2004;2:59;Under My Skin
0073;Avril Lavigne;How Does It Feel;Rock;2004;3:44;under my skin
0074;Avril Lavigne;I'm with You [VIDEO];-;-;3:49;Let go
0075;Avril Lavigne;Nobody's Home [VIDEO];-;-;3:32;-
0076;Avril Lavigne;Sk8er Boi;-;2002;3:24;Let Go
0077;Avril Lavigne;When You're Gone;-;2007;4:01;The Best Damn Thing
0078;Axel Fischer;Amsterdam;-;-;3:58;-
0079;Ayman;Mein Stern;-;-;3:52;-
0080;Backstreet Boys;Everybody [VIDEO];Pop;1997;3:50;Backstreet's Back
0081;Backstreet Boys;I Want It That Way [VIDEO];Pop;1999;3:33;Millennium
0082;Backstreet Boys;I'll Never Break Your Heart [VIDEO];-;-;4:41;-
0083;Backstreet Boys;Incomplete;-;-;3:55;-
0084;Backstreet Boys;Quit Playing Games (with My Heart);-;-;3:54;UltraStar
0085;Backstreet Boys;The Call [VIDEO];Pop;2000;3:23;Black & Blue
0086;Bad Manners;Special Brew;80s;1980;3:37;Ska ’n’ B
0087;Bad Religion;American Jesus;Punk;1993;3:18;Recipe for Hate
0088;Bad Religion;Big Bang;Punk Rock;1989;1:42;No Control
0089;Bad Religion;Generator;Punk Rock;1992;3:24;Generator
0090;Bad Religion;You;Punk;1989;2:05;No Control
0091;Bananarama;Venus;-;-;3:40;-
0092;Banaroo;Dubi Dam Dam;-;-;3:35;Ultrastar
0093;Barry Manilow;Mandy;-;-;3:22;-
0094;Barry White;You're the First, the Last, My Everything;-;-;3:25;Singstar Legends
0095;Bausa Feat. Apache 207;Madonna [VIDEO];Rap;2021;3:31;-
0096;Beach Boys;Wouldn't It Be Nice;Other;-;2:29;-
0097;Beatsteaks;Hand In Hand;-;-;2:39;-
0098;Beatsteaks;Hey Du;Punk;-;3:22;Wohnzimmer EP
0099;Beatsteaks;I Don't Care as Long as You Sing;Punk;2004;3:35;Smack Smash
0100;Bela B.;1. 2. 3. ...;-;-;3:03;-
0101;Belinda Carlisle;Heaven Is a Place on Earth;-;-;4:14;-
0102;Bellamy Brothers;Let Your Love Flow;-;-;3:15;Ultrastar
0103;Ben E. King;Stand by Me;-;-;2:55;-
0104;Ben Moody Feat. Anastacia;Everything Burns [VIDEO];80s;2005;3:35;The Best of Anastacia
0105;Bernd Clüver;Der Junge Mit Der Mundharmonika;Other;-;3:18;-
0106;Berni;Mi Curro En La Once;-;-;2:15;-
0107;Beyonce;Crazy in Love [VIDEO];-;2003;4:12;Dangerously In Love
0108;Bill Medley & Jennifer Warnes;I've Had the Time of My Life;Sound Clip;19;4:49;-
0109;Bill Withers;Ain't No Sunshine;-;-;2:05;UltraStar
0110;Billie Eilish;Bad Guy [VIDEO];Alternative;-;3:11;-
0111;Billy Idol;Rebel Yell [VIDEO];-;2001;4:47;Greatest Hits Of Billy Idol
0112;Billy Idol;White Wedding;Rock;1988;3:34;Billy Idol Songs - 11 Of The Best
0113;Billy Joel;Just the Way You Are;Pop rock;1977;4:52;The Stranger
0114;Billy Joel;My Life (Single Version);Pop rock;1978;3:49;52nd Street
0115;Billy Joel;She’s Always a Woman;Pop rock;1977;3:23;The Stranger
0116;Billy Joel;The Longest Time [VIDEO];Pop rock;1983;4:04;An Innocent Man
0117;Billy Joel;Uptown Girl [VIDEO];Pop rock;1983;3:22;An Innocent Man
0118;Billy Joel;We Didn’t Start the Fire [VIDEO];Pop rock;1989;4:05;Storm Front
0119;Billy Talent;Devil in a Midnight Mass;Rock/Pop;2006;2:52;Billy Talent II [UK]
0120;Billy Talent;Fallen Leaves;-;-;3:19;-
0121;Billy Talent;Nothing to Lose;Punk Rock;2003;3:43;Billy Talent
0122;Billy Talent;Red Flag;Rock/Pop;2006;3:16;Billy Talent II [UK]
0123;Billy Talent;Surrender;-;-;4:05;-
0124;Billy Talent;The Ex;Alternative;2003;2:41;Billy Talent
0125;Billy Talent;Try Honesty;Punk Rock;2003;4:14;Billy Talent
0126;Bing Crosby;White Christmas;-;-;3:07;-
0127;Black Eyed Peas;Shut Up [VIDEO];-;-;3:45;-
0128;Black Sabbath;Changes;Hard Rock;1972;4:44;-
0129;Black Sabbath;Paranoid [VIDEO];-;-;2:48;-
0130;Black Sabbath;War Pigs (Live at Ozzfest 2005) [VIDEO];Doom metal;1970;8:43;Paranoid
0131;Blind Guardian;A Past and Future Secret;-;-;3:47;-
0132;Blind Guardian;And the Story Ends;Heavy Metal;1995;6:00;Imaginations From The Other Side
0133;Blind Guardian;Another Stranger Me;UltraStar;-;3:54;UltraStar
0134;Blind Guardian;Black Chamber;Metal;1996;1:16;The Forgotten Tales
0135;Blind Guardian;Lord of the Rings (Karaoke);-;-;3:20;-
0136;Blind Guardian;Mirror Mirror;Metal;1998;5:06;Nightfall In Middle-Earth
0137;Blind Guardian;The Bard's Song (in the Forest) [VIDEO];UltraStar;-;3:28;UltraStar
0138;Blind Guardian;The Script for My Requiem;-;-;6:09;-
0139;Blind Guardian;Thorn;-;-;6:43;-
0140;Blind Guardian;Time What Is Time;UltraStar;-;5:46;UltraStar
0141;Blind Guardian;To France;UltraStar;-;4:42;UltraStar
0142;Blind Guardian;When Sorrow Sang;-;-;4:25;-
0143;Blink 182;Adam's Song;-;-;4:10;-
0144;Blink 182;All the Small Things;Punk;1999;2:48;Enema Of The State
0145;Blink 182;Always;Alternative;2005;4:18;Greatest Hits
0146;Blink 182;Dammit;Punk;97;2:45;Dude Ranch
0147;Blink 182;Down;-;-;3:13;-
0148;Blink 182;First Date;Alternative Rock;2001;2:52;Take Off Your Pants & Jacket
0149;Blink 182;I Miss You;-;-;3:48;UltraStar
0150;Blink 182;Josie;-;-;3:19;Dude Ranch
0151;Blink 182;Obvious;Punk Rock;2003;2:43;Blink 182
0152;Blink 182;Shut Up;-;-;3:20;-
0153;Blink 182;Stay Together for the Kids;Alternative Rock;2001;3:58;Take Off Your Pants & Jacket
0154;Blink 182;What's My Age Again;Punk;1999;2:27;Enema Of The State
0155;Bloc Party;Banquet;-;-;3:19;-
0156;Blondie;Atomic;Blues;-;3:49;-
0157;Blondie;Heart of Glass [VIDEO];-;-;0:00;-
0158;Blood Brothers;Tell Me It's Not True;-;-;3:54;-
0159;Bloodhound Gang;Foxtrott Uniform Charlie Kilo [VIDEO];Other;-;3:01;-
0160;Bloodhound Gang;The Bad Touch [VIDEO];Alternative;2000;4:12;Hooray for Boobies
0161;Bloodhound Gang;The Ballad of Chasey Lane;Other;-;2:22;-
0162;Blu Cantrell;Hit 'em up Style;-;-;4:02;UltraStar
0163;Blue;Guilty;Pop;2003;3:47;Guilty
0164;Blue;One Love;Other;-;3:24;UltraStar (Singstar)
0165;Blues Brothers;Everybody Needs Somebody to Love;Blues;-;3:19;-
0166;Blur;Parklife;-;-;3:20;UltraStar
0167;Blur;Song 2 [VIDEO];Blues;-;2:00;-
0168;Blümchen;Boomerang [VIDEO];90s;1996;3:51;-
0169;Blümchen;Herz an Herz [VIDEO];-;1995;3:47;-
0170;Blümchen;Heut’ ist mein Tag [VIDEO];90s;1998;3:39;Jasmin
0171;Blümchen;Kleiner Satelit [VIDEO];-;-;4:01;-
0172;Blümchen;Verrückte Jungs [VIDEO];90s;1997;3:49;Verliebt…
0173;Bob Marley;Could You Be Loved;Reggae;-;3:54;-
0174;Bob Marley;Jamming;Other;-;3:18;-
0175;Bob Marley;No Woman No Cry;-;-;4:04;-
0176;Bob Marley & The Wailers;Redemption Song;-;-;3:47;-
0177;Bob Sinclar;Love Generation [VIDEO];Blues;-;4:50;-
0178;Bobby Vee;Take Good Care of My Baby [VIDEO];Oldies;1962;2:35;Take Good Care of My Baby
0179;Bon Jovi;Everyday [VIDEO];Other;-;3:00;Bounce
0180;Bon Jovi;Its My Life [VIDEO];-;-;3:45;-
0181;Bon Jovi;Livin' on a Prayer [VIDEO];Rock;1986;4:10;Slippery When Wet
0182;Bon Jovi;Runaway;-;-;3:53;-
0183;Bon Jovi;Someday I'll Be Saturday Night;Rock;1992;4:39;The Best Of (Crossroad)
0184;Boney M.;By the Rivers of Babylon;-;-;4:19;http-//21century.tsx.org/
0185;Boney M.;Daddy Cool;Disco;1997;3:26;The Best Of
0186;Boney M.;Ma Baker;-;-;3:59;-
0187;Bonnie Tyler;Its a Heartache;Pop;1978;3:31;Billboard Top 10
0188;Bonnie Tyler;Total Eclipse of the Heart;-;1996;4:42;Sounds of the Eighties- The Early '80s
0189;Bosse;Frankfurt Oder [VIDEO];-;2011;3:08;-
0190;Bosse;Schönste Zeit [VIDEO];None;2013;3:52;-
0191;Boston;More Than a Feeling;-;-;3:33;UltraStar
0192;Bowling For Soup;1985;Top 40;2004;3:12;Promo Only Mainstream Radio Ju
0193;Boyzone;Words;-;-;4:02;-
0194;Brad Kane & Lea Salonga;A Whole New World;-;-;2:41;Disney Soundtracks
0195;Bradley Cooper & Lady Gaga;Shallow [VIDEO];None;2018;3:36;-
0196;Brainstorm;All Those Words;Andere;-;4:00;-
0197;Britney Spears;(You Drive Me) Crazy;Pop;-;3:20;-
0198;Britney Spears;Baby One More Time;-;-;3:56;-
0199;Britney Spears;Don't Let Me Be the Last to Know;Pop;2000;3:51;Oops I Did It Again
0200;Britney Spears;Everytime;Pop;2003;3:56;In the Zone-ADVANCE
0201;Britney Spears;I Love Rock'n'roll [VIDEO];-;-;3:03;-
0202;Britney Spears;Lucky;Pop;2000;3:26;Oops...I Did It Again
0203;Britney Spears;Oops... I Did It Again [VIDEO];Pop;2000;3:32;-
0204;Britney Spears;Overprotected;Pop;2001;3:20;Britney
0205;Britney Spears;Sometimes;-;-;4:07;-
0206;Britney Spears;Toxic [VIDEO];Pop;2003;3:24;In the Zone-ADVANCE
0207;Britney Spears;What U See (Is What U Get);Pop;2000;3:37;Oops I Did It Again
0208;Britney Spears;Where Are You Now;Pop;2000;4:39;Oops I Did It Again
0209;Broilers;Ist Da Jemand [VIDEO];Punk;2013;4:18;-
0210;Broilers;Meine Sache (Live) [VIDEO];Punk;2012;4:47;-
0211;Broilers;Ruby Light & Dark [VIDEO];Punk;2010;3:47;-
0212;Bruce Low;Es Hängt Ein Pferdehalfter an Der Wand;-;-;3:26;-
0213;Bruce Springsteen;Streets of Philadelphia;-;-;3:17;-
0214;Bryan Adams;Everything I Do (I Do It for You);-;-;4:01;-
0215;Bryan Adams;Heaven;Other;1983;4:00;Reckless
0216;Bryan Adams;Summer of '69;-;-;3:34;-
0217;Buggles;Video Killed the Radio Star [VIDEO];-;-;3:24;UltraStar
0218;Bullet For My Valentine;All These Things I Hate;Metal;2005;3:46;The Poison Digipak
0219;Busted;Crashed the Wedding [VIDEO];Top 40;2003;2:40;A Present For Everyone
0220;Busted;Year 3000 [VIDEO];-;-;3:19;UltraStar
0221;Böhse Onkelz;Auf gute Freunde;Hard Rock;1996;5:18;E.I.N.S.
0222;Böhse Onkelz;Bin ich nur glücklich,wenns ..;Hard Rock;-;5:38;Viva los Tioz
0223;Böhse Onkelz;Die Firma;Rock;-;4:18;Dopamin
0224;Böhse Onkelz;Dr. Martens Beat;Rock;-;2:05;Der nette Mann & Demos
0225;Böhse Onkelz;Dunkler Ort [VIDEO];Other;-;4:16;Heute
0226;Böhse Onkelz;Erinnerung;Hard Rock;-;4:23;Onkelz wie wir
0227;Böhse Onkelz;Ganz egal;Rock;-;4:35;Wir ham' noch lange nicht genug
0228;Böhse Onkelz;Ich bin in dir;Hard Rock;-;3:51;Heilige Lieder
0229;Böhse Onkelz;Keine Amnestie für MTV;Hard Rock;2002;3:05;Dopamin
0230;Böhse Onkelz;Lied_10;Other;-;5:11;-
0231;Böhse Onkelz;Mexico;Other;2000;4:20;Untitled - 05-01-00
0232;Böhse Onkelz;Nichts ist für die Ewigkeit;Other;-;5:30;Es ist soweit
0233;Böhse Onkelz;Nur die Besten Sterben Jung;-;-;3:54;Buch der Erinnerung
0234;Böhse Onkelz;Schöne neue Welt;Rock;-;3:32;Weisses Album
0235;Böhse Onkelz;Stunde Des Siegers;Alternative Rock;2001;4:58;Morgen
0236;Böhse Onkelz;Terpentin;Other;-;3:56;Viva los Tioz
0237;Böhse Onkelz;Wieder mal 'n Tag verschenkt (live);-;-;4:26;-
0238;Böhse Onkelz;Wir ham`noch lange nicht genug;Hard Rock;-;4:50;Wir ham`noch lange nicht genu
0239;Böhse Onkelz;Wir Sind Immer Für Euch Da;Other;-;3:58;-
0240;Böhse Onkelz;Zeit zu gehn;Rock;-;3:44;E.I.N.S.
0241;Carl Douglas;Kung Fu Fighting;-;-;3:09;-
0242;Carly Rae Jepsen;Call Me Maybe [VIDEO];None;2012;3:14;-
0243;Caroline Fortenbacher;Durch meine Finger rinnt die Zeit;-;-;5:25;-
0244;Cascada;A Neverending Dream [VIDEO];Other;-;3:11;-
0245;Cascada;Because the Night [VIDEO];Other;-;2:58;-
0246;Cascada;Evacuate the Dancefloor;Dance;2009;3:26;Evacuate The Dancefloor CD
0247;Cascada;Truly Madly Deeply [VIDEO];Other;-;2:57;Truly, Madly, Deeply
0248;Cassandra Steen Feat. Adel Tawil;Stadt;Pop;2009;3:08;Stadt
0249;Cats;Memory;Musical;-;4:17;Cats Soundtrack
0250;Celine Dion;My Heart Will Go On;-;1997;4:39;Let's talk about love
0251;Celine Dion & Peabo Bryson;Beauty and the Beast;Soundtrack;19;4:02;-
0252;Charli XCX;Break the Rules;Pop;-;3:25;-
0253;Cher;If I Could Turn Back Time;Singstar Music;2006;4:20;Singstar Anthems
0254;Cher;Strong Enough;Pop;1998;3:44;Believe
0255;Chesney Hawkes;The One and Only;default;-;3:42;title
0256;Chicago;If You Leave Me Now;-;-;3:55;-
0257;Chris Andrews;Pretty Belinda (Deutsch);-;-;2:39;-
0258;Chris DeBurgh;Lady in Red;Other;-;4:09;-
0259;Chris Marlow;Santa Maria;-;-;3:45;-
0260;Christina Aguilera;Beautiful [VIDEO];Pop;-;3:59;Stripped
0261;Christina Aguilera;Dirrty;Pop;2002;4:59;Cannapower Top100 von 2002
0262;Christina Aguilera;Hurt;-;-;4:04;-
0263;Christina Aquilera;Genie in a Bottle;-;-;3:37;-
0264;Christina Stuermer;Ich Lebe;Pop;2005;3:21;Ich Lebe CDM
0265;Christina Stürmer;Immer An Euch Geglaubt;-;-;3:09;-
0266;Clueso;Kein Bock Zu Geh'n;-;-;4:06;-
0267;Clueso;Vergessen ist so leicht;-;-;4:09;-
0268;Coldplay;Speed of Sound;-;-;4:49;-
0269;Coldplay;Viva La Vida [VIDEO];Pop;2008;4:02;singlecharts.frac.dk
0270;Conny Froboess;Pack die Badehose ein;Oldies;1994;2:00;-
0271;Counting Crows;Colorblind;Soundtrack;1999;3:25;This Desert Life
0272;Craig David;Walking Away;R&B;2000;3:29;Born To Do It
0273;Crash Test Dummies;Mmm Mmm Mmm [VIDEO];Rock;-;3:48;Best Of Rock
0274;Credence Clearwater Revival;Bad Moon Rising;Oldies;-;2:20;CCR (Featuring John Fogerty) Chronicle- The 20 Greatest Hits
0275;Credence Clearwater Revival;Down on the Corner;Oldies;-;2:45;CCR (Featuring John Fogerty) Chronicle- The 20 Greatest Hits
0276;Credence Clearwater Revival;Hey Tonight;Oldies;-;2:43;CCR (Featuring John Fogerty) Chronicle- The 20 Greatest Hits
0277;Creed;One Last Breath;Rock;2001;3:58;Weathered
0278;Creed;With Arms Wide Open;Alternative Rock;1999;4:35;Human Clay
0279;Creme 21;Wann wirds mal wieder richtig Sommer;-;-;3:26;-
0280;Creme 21;Wann Wirds Mal Wieder Richtig Sommer;-;-;3:27;-
0281;Crowded House;Don't Dream It's Over;Rock;1986;3:53;Crowded House
0282;Culcha Candela;Eiskalt;-;-;3:21;-
0283;Culcha Candela;Hamma!;Dance Hall;2007;3:29;Culcha Candela
0284;Culcha Candela;Monsta;-;-;3:16;-
0285;Culcha Candela;Schöne Neue Welt;-;-;3:40;-
0286;Culture Club;Do You Really Want to Hurt Me;Pop;1993;4:29;At Worst... The Best Of
0287;Culture Club;Karma Chameleon [VIDEO];-;-;4:15;-
0288;Cutting Crew;Died in Your Arms;-;-;4:06;UltraStar
0289;Cyndi Lauper;Girls Just Wanna Have Fun;-;-;4:28;-
0290;Cyndi Lauper;She Bop;Rock;-;3:44;-
0291;Cyndi Lauper;Time After Time;-;-;3:59;-
0292;Dana Winner;Moonlight Shadow;Other;-;3:38;-
0293;Daniel Bedingfield;If You're Not the One;-;-;3:57;UltraStar (Singstar)
0294;Danzig;Mother [VIDEO];Metal;1988;3:27;-
0295;Das Modul;Computerliebe;Rave;-;3:38;-
0296;David Bowie;Changes;-;-;3:34;UltraStar
0297;David Bowie;Life on Mars;-;-;4:01;Singstar Legends
0298;David Bowie;Space Oddity;-;-;5:18;-
0299;David Hasselhoff;Looking for Freedom;-;-;3:56;-
0300;De Randfichten;Lebt Denn Dr Alte Holzmichl Noch;-;-;3:21;Ultrastar
0301;Dead Kennedys;California Über Alles;Punk;1980;3:27;Fresh Fruit for Rotting Vegetables
0302;Dead Kennedys;Holiday in Cambodia;Punk;1980;3:45;Fresh Fruit for Rotting Vegetables
0303;Deee-Lite;Groove Is in the Heart;-;-;4:49;UltraStar (Singstar)
0304;Deep Purple;Smoke on the Water;-;-;5:40;-
0305;Deliah;Du Wichser;-;-;3:55;-
0306;Depeche Mode;Enjoy the Silence;-;-;4:22;-
0307;Depeche Mode;People Are People;New Wave;-;3:46;The Singles 81-85
0308;Depeche Mode;Photographic (Some Bizarre Version);Other;-;3:13;-
0309;Destiny's Child;Survivor [VIDEO];-;-;2:59;-
0310;Dexy's Midnight Runners;Come On Eileen;80's;2004;4:09;Clasicos De Los 80 (cd2)
0311;Dido;Life for Rent;-;-;3:41;-
0312;Dido;Sand in My Shoes;Pop;2003;4:59;life for rent
0313;Dido;Thank You [VIDEO];-;-;3:09;-
0314;Dido;White Flag;-;-;3:35;UltraStar
0315;Die 3.Generation;Leb!;-;-;3:03;-
0316;Die Doofen;Mief [VIDEO];-;-;3:05;-
0317;Die Fantastischen Vier;Geboren;-;-;3:51;-
0318;Die Fantastischen Vier;Sie Ist Weg;-;-;3:55;UltraStar (From German Singstar)
0319;Die Flippers;Aber Dich Gibts Nur Einmal Für Mich;Other;-;3:05;DIVERSEN
0320;Die Kassierer;Das schlimmste ist, wenn das Bier alle ist;Punk;2003;3:13;-
0321;Die Prinzen;Alle nur geklaut [VIDEO];-;-;2:27;-
0322;Die Prinzen;Du musst ein Schwein sein;Other;-;3:20;-
0323;Die Prinzen;Mein Fahrrad;-;-;2:27;-
0324;Die Schröders;Lass uns schmutzig Liebe machen;-;-;4:03;-
0325;Die Toten Hosen;1000 Gute Gründe;Punk;-;3:39;-
0326;Die Toten Hosen;All die ganzen Jahre;Punk;-;3:24;-
0327;Die Toten Hosen;Alles Aus Liebe;Punk;-;4:23;-
0328;Die Toten Hosen;Alles Wird Vorübergehen;Other;-;3:11;-
0329;Die Toten Hosen;Bayern;Other;-;4:40;-
0330;Die Toten Hosen;Bonnie & Clyde [VIDEO];Punk;-;3:36;-
0331;Die Toten Hosen;Eisgekühlter Bommerlunder;Punk;-;1:13;-
0332;Die Toten Hosen;Freunde;Other;-;4:03;-
0333;Die Toten Hosen;Friss Oder Stirb;Other;-;3:42;-
0334;Die Toten Hosen;Hier kommt Alex [VIDEO];Pop;-;3:53;Fetenhits - the real classics
0335;Die Toten Hosen;Ich Bin Die Sehnsucht In Dir [VIDEO];Punk Rock;2004;4:03;Zurueck Zum Glueck
0336;Die Toten Hosen;Kein Alkohol;Old School Punk;-;3:51;Auswärtsspiel
0337;Die Toten Hosen;Nur Zu Besuch;Rock;2002;4:30;Auswärtsspiel
0338;Die Toten Hosen;Paradies [VIDEO];Punk Rock;1996;4:07;Opium Fürs Volk
0339;Die Toten Hosen;Pushed Again;Rock;1998;3:51;-
0340;Die Toten Hosen;Schön Sein;Other;-;3:08;-
0341;Die Toten Hosen;Schönen Gruß, auf Wiederseh'n;Punk Rock;2002;3:35;Reich & Sexy II - Die fetten Jahre
0342;Die Toten Hosen;Steh Auf, Wenn Du Am Boden Bist;Punk;-;3:56;UltraStar (From German Singstar)
0343;Die Toten Hosen;Strom [VIDEO];Punk;2008;3:06;-
0344;Die Toten Hosen;Unsterblich [VIDEO];Other;2002;3:46;Reich & Sexy II
0345;Die Toten Hosen;Walkampf;Other;-;3:33;-
0346;Die Toten Hosen;Was Zählt [VIDEO];Other;-;4:39;-
0347;Die Toten Hosen;Wünsch Dir Was;Other;-;4:39;-
0348;Die Toten Hosen;Zehn Kleine Jägermeister [VIDEO];Punk;-;4:20;-
0349;Die Ärzte;1-2 Lovesong;-;-;3:55;-
0350;Die Ärzte;3-Tage-Bart [VIDEO];80s;1996;3:03;-
0351;Die Ärzte;Allein;-;-;3:50;-
0352;Die Ärzte;Der Graf;Rock;-;4:45;Wir Wollen Nur Deine Seele Disc 1
0353;Die Ärzte;Dinge von denen [VIDEO];-;2003;4:40;-
0354;Die Ärzte;Ein Sommer nur für mich;80s;2000;2:53;Runter mit den Spendierhosen, Unsichtbarer!
0355;Die Ärzte;El Cattivo;Punk Rock;-;3:13;Unbekannt
0356;Die Ärzte;Fette Elke [VIDEO];-;-;4:14;-
0357;Die Ärzte;Friedenspanzer [VIDEO];None;1993;3:57;-
0358;Die Ärzte;Für Uns;Punk Rock;1993;4:44;Die Bestie in Menschengestalt
0359;Die Ärzte;Grace Kelly;-;-;2:18;-
0360;Die Ärzte;Himmelblau;-;-;3:16;-
0361;Die Ärzte;Ist das noch Punkrock [VIDEO];80s;2012;3:00;Auch
0362;Die Ärzte;Junge [VIDEO];Pop;2008;3:09;Top 100
0363;Die Ärzte;Komm zurück;Akustik Rock;2002;4:22;Rock'n'Roll Realschule
0364;Die Ärzte;Kopfüber in die Hölle;-;-;3:01;-
0365;Die Ärzte;Lasse redn [VIDEO];Other;-;2:49;-
0366;Die Ärzte;Lied vom Scheitern;-;-;3:37;-
0367;Die Ärzte;Mach Die Augen Zu [VIDEO];-;-;0:00;-
0368;Die Ärzte;Manchmal haben Frauen;Other;2001;4:13;-
0369;Die Ärzte;Medley (Unplugged) [VIDEO];80s;1988;4:54;Nach uns die Sintflut
0370;Die Ärzte;Mein Baby war beim Frisör [VIDEO];None;1996;2:16;-
0371;Die Ärzte;Meine Freunde;Punk Rock;-;1:49;Unbekannt
0372;Die Ärzte;Monsterparty [VIDEO];80s;1985;3:49;-
0373;Die Ärzte;Mysteryland;Punk Rock;1987;3:59;-
0374;Die Ärzte;Männer sind Schweine [VIDEO];80s;1998;4:18;13
0375;Die Ärzte;Nichts in der Welt [VIDEO];Pop;-;3:47;Geräusch
0376;Die Ärzte;Nie Wieder Krieg, Nie Mehr Las Vegas;Punk Rock;-;2:37;Unbekannt
0377;Die Ärzte;Ohne dich;-;-;2:46;Das beste von kurz nach früher bis jetzt (CD 1&2) (CD 1/2)
0378;Die Ärzte;Omaboy;-;-;4:45;-
0379;Die Ärzte;Popstar;Punk Rock;1988;3:12;Das Ist Nicht Die Ganze Wahrh
0380;Die Ärzte;Radio brennt (Deja Vu-Version);-;-;5:41;-
0381;Die Ärzte;Rebell [VIDEO];Blues;-;3:51;Die Ärzte - 13
0382;Die Ärzte;Rock Rendezvous;Punk;2000;4:11;Runter mit den Spendierhosen, Unsichtbarer!
0383;Die Ärzte;Saufen;-;-;3:50;-
0384;Die Ärzte;Schlaflied;-;-;4:10;-
0385;Die Ärzte;Schrei nach Liebe [VIDEO];Punk Rock;1993;4:13;Die Bestie In Menschengestalt
0386;Die Ärzte;Schundersong;Punk Rock;-;3:07;Unbekannt
0387;Die Ärzte;Super Drei;-;-;2:16;-
0388;Die Ärzte;Sweet Sweet Gwendoline;-;-;2:50;Das Beste Von Kurz Nach Früher Bis Jetze  CD 1+2
0389;Die Ärzte;Teenagerliebe;80s;1988;2:57;Nach uns die Sintflut
0390;Die Ärzte;Unrockbar;-;-;3:48;-
0391;Die Ärzte;WAMMW;80s;2003;1:51;Geräusch
0392;Die Ärzte;Westerland [VIDEO];Punk;-;3:41;Das ist nicht die ganze Wahrheit...
0393;Die Ärzte;Wie am ersten Tag;Punk Rock;1994;3:45;Das Beste Von Kurz Nach Früher Bis Jetzt [Disc 2]
0394;Die Ärzte;Wie ein Kind;-;-;3:40;-
0395;Die Ärzte;Wie es geht;-;-;3:41;-
0396;Die Ärzte;Zu Spät;Other;-;2:43;-
0397;Die Ärzte;Zu spät (Satanische Pferde Live);80s;1984;4:33;Debil
0398;Dieter De;Erna Kommt;-;-;3:41;-
0399;Dieter Thomas Kuhn;Es war Sommer;-;-;4:30;-
0400;Dieter Thomas Kuhn;Tanze Samba Mit Mir;Blues;-;2:59;-
0401;Dieter Thomas Kuhn;Wann wird´s mal wieder richtig Sommer;Blues;-;3:57;-
0402;Dieter Thomas Kuhn;Über den Wolken;Pop;27;3:03;-
0403;Dion;The Wanderer;-;-;2:46;-
0404;Dionne Warwick;That's What Friends Are For;-;-;4:15;-
0405;Dire Straits;Sultans of Swing;-;-;5:47;-
0406;Dire Straits;Tunnel of Love;Rock;1999;8:10;Money For Nothing
0407;Dirty Dancing;I've Had the Time of My Life;Sound Clip;19;4:49;-
0408;Disturbed;Land of Confusion;Other;-;4:46;-
0409;DJ Bobo;Chihuahua 2002;-;-;3:08;Ultrastar
0410;DJ Oetzi;Anton aus Tirol;-;-;3:51;-
0411;DJ Otzi;Live Is Life (BACKING M);-;-;3:33;-
0412;DJ Ötzi;Hey Baby;-;-;3:34;-
0413;DJ Ötzi;Noch In 100,000 Jahren;-;-;3:46;-
0414;DJ Ötzi & Nik P.;Ein Stern (Der Deinen Namen Trägt);-;-;3:40;Ultrastar
0415;DJ-Abschleppdienst;Party Palmen Weiber Und n Bier;-;-;3:33;-
0416;Dog Eat Dog;Rocky;Rock;1996;2:27;Play Games
0417;Dolls United;Eine Insel mit zwei Bergen;-;-;3:45;-
0418;Don Williams;Some Broken Hearts Never Mend;Other;-;2:49;20 Greatest Hits
0419;Donots;Superhero [VIDEO];80s;2001;3:41;Pocketrock
0420;Donots;Whatever Happened to the 80s [VIDEO];80s;2001;3:44;Pocketrock
0421;Drafi Deutscher;Hast Du alles vergessen;-;-;2:44;-
0422;Drafi Deutscher;Mamor, Stein und Eisen bricht;Blues;-;1:31;-
0423;Dragon;April Sun in Cuba;Rock;1977;3:27;Ultrastar
0424;Dream Theater;Overture 1928 & Strange Deja Vu;-;-;8:33;-
0425;Dredg;Spitshine;Rock;2005;3:34;Catch Without Arms
0426;Dritte Wahl;Zeit bleib stehen!;Industrial;2005;2:50;Fortschritt
0427;Dua Lipa;Don't Start Now [VIDEO];Classical;2019;3:01;-
0428;Duffy;Mercy [VIDEO];Pop;2008;3:40;Rockferry
0429;Duffy;Warwick Avenue [VIDEO];Blues;2008;3:59;-
0430;Duran Duran;Hungry Like the Wolf [VIDEO];-;-;3:25;-
0431;Duran Duran;Ordinary World;-;-;4:39;UltraStar
0432;Duran Duran;Rio;-;-;5:06;-
0433;Dusty Springfield;Son of a Preacher Man;-;-;2:25;Singstar Legends
0434;Eagles;Hotel California;Rock;-;6:32;-
0435;EAV;Ding Dong;-;-;3:58;-
0436;EAV;Drei ausgeflippte Pinguine;-;-;0:34;-
0437;EAV;Drei verliebte Pinguine (Teil 1);-;-;0:36;-
0438;EAV;Drei verliebte Pinguine (Teil 2);-;-;0:39;-
0439;EAV;Drei weiße Tauben;-;-;3:29;-
0440;EAV;Drei zersiebte Pinguine;-;-;0:40;-
0441;EAV;Wie Eine Fatamorgana;Pop;-;4:19;-
0442;Echt;Du Trägst Keine Liebe In Dir;-;-;3:57;-
0443;Echt;Weinst Du;-;-;4:03;-
0444;Ed Sheeran;Beautiful People;Pop;-;3:47;-
0445;Ed Sheeran;Castle on the Hill [VIDEO];Pop;-;4:48;-
0446;Ed Sheeran;Shape of You;Pop;2017;3:55;-
0447;Ed Sheeran;The a Team;None;2011;4:18;-
0448;Ed Sheeran;Thinking out Loud [VIDEO];Pop general;2014;4:57;×
0449;Edge;Metalingus (Edge Entrance);-;2004;4:55;Various
0450;Edguy;King of Fools [VIDEO];UltraStar;2004;3:35;UltraStar
0451;Edguy;Superheroes [VIDEO];UltraStar;2005;3:19;UltraStar
0452;Eiffel 65;Blue;-;-;3:29;-
0453;Eisregen;17 Kerzen am Dom;Death Metal;2007;6:25;Blutbahnen
0454;Eisregen;Bei den Gräbern;Gothic-Metal;2000;3:34;Leichenlager
0455;Eisregen;Fleischhaus;Black Metal;1997;4:49;Fleischhaus
0456;Eisregen;Futter für die Schweine;Rock;2003;4:25;Krebskolonie
0457;Eisregen;Krebskolonie;Rock;2003;7:36;Krebskolonie
0458;Eisregen;Lili Marleen;UltraStar;-;4:11;UltraStar
0459;Eisregen;Meine tote russische Freundin;Gothic-Metal;2001;3:57;Farbenfinsternis
0460;Eisregen;Pest 1 (4) ... und über allem weht der Wind so kalt;Gothic-Metal;1998;6:41;Zerfall
0461;Eisregen;Wundwasser;UltraStar;-;5:19;UltraStar
0462;Element Of Crime;Kavallerie;Rock;1999;3:32;Psycho
0463;Elfenlied;Lilium;Other;-;3:02;-
0464;Elton John;Can You Feel the Love Tonight;Blues;-;3:59;Walt Disney's The Lion King
0465;Elton John & Kiki Dee;Don't Go Breaking My Heart;-;-;4:18;-
0466;Elvis Presley;In the Ghetto;-;-;2:47;-
0467;Elvis Presley;Love Me Tender;Other;-;2:48;-
0468;Elvis Presley;Suspicious Minds;Blues;-;3:42;-
0469;Emiliana Torrini;Jungle Drum;Alternative;2009;2:15;Jungle Drum
0470;Eminem;When I'm Gone;Blues;2005;0:00;Unknown Album
0471;Eminem Feat. Dido;Stan;Blues;2005;7:14;Unknown Album
0472;End Of Fashion;O Yeah;Rock;2005;2:54;Ultrastar
0473;Endstufe;Lisa;-;-;2:20;-
0474;Erasure;A Little Respect;-;-;3:34;-
0475;Eric Clapton;Cocaine;Other;-;3:37;-
0476;Eric Clapton;I Shot the Sheriff;-;-;4:24;-
0477;Eric Clapton;My Father's Eyes;-;-;4:32;best of 98
0478;Eric Clapton;Tears in Heaven;-;-;4:36;MTV Unplugged
0479;Europe;Final Countdown;Other;-;5:09;-
0480;Eurythmics;Sweet Dreams;-;-;3:37;-
0481;Evanescence;Bring Me to Life;Gothic Rock;2003;3:57;Bring Me to Life
0482;Evanescence;Call Me When You're Sober;-;-;3:33;-
0483;Evanescence;Going Under;Rock;2003;3:35;Fallen
0484;Evanescence;My Immortal [VIDEO];-;-;4:36;-
0485;Evanescence;My Last Breath;-;-;0:00;-
0486;Everly Brothers;Dream, Dream, Dream;Oldies;-;2:18;Best Of 50-60
0487;Ewan McGregor;Your Song;Sound Track;-;3:39;Moulin Rouge-OST
0488;Excrementory Grindfuckers;Wann spielt ihr endlich wieder Grindcore;-;2004;3:08;Fertigmachen, Szeneputzen
0489;Extreme;More Than Words;-;-;0:00;-
0490;Faith No More;Easy;-;-;3:05;-
0491;Falco;Rock Me Amadeus;-;-;3:24;-
0492;Fall Out Boy;Dance, Dance [VIDEO];80s;2005;4:38;From Under the Cork Tree
0493;Fall Out Boy;Dead on Arrival [VIDEO];80s;2003;3:15;-
0494;Fall Out Boy;Our Lawyer Made Us the Name of This Song So We Wouldn’t Get Sued;80s;2005;3:09;From Under the Cork Tree
0495;Fall Out Boy;Sugar, We’re Goin Down [VIDEO];80s;2005;3:50;From Under the Cork Tree
0496;Fall Out Boy;This Ain't a Scene;-;-;4:05;UltraStar
0497;Fall Out Boy;Thnks Fr Th Mmrs [VIDEO];80s;2007;4:13;Infinity on High
0498;Fall Out Boy Feat. John Mayer;Beat It [VIDEO];80s;2008;3:49;-
0499;Farin Urlaub;Alle dasselbe;-;-;3:27;-
0500;Farin Urlaub;Am Strand;80s;2001;2:46;-
0501;Farin Urlaub;Glücklich;80s;2001;2:58;Endlich Urlaub!
0502;Farin Urlaub;Immer noch;Rock;2005;4:38;Am Ende Der Sonne
0503;Farin Urlaub;Kein Zurück;-;-;4:55;-
0504;Farin Urlaub;Petze;-;-;3:32;-
0505;Farin Urlaub;Phänomenal egal [VIDEO];80s;2001;3:24;Endlich Urlaub!
0506;Farin Urlaub;Porzellan;-;-;3:51;-
0507;Farin Urlaub;Sonne;-;-;4:41;-
0508;Farin Urlaub;Unter Wasser;-;-;4:02;-
0509;Feine Sahne Fischfilet;Alles auf Rausch [VIDEO];80s;2018;3:33;Sturm & Dreck
0510;Feine Sahne Fischfilet;Komplett im Arsch [VIDEO];80s;2012;4:52;Scheitern & Verstehen
0511;Feine Sahne Fischfilet;Zurück in unserer Stadt [VIDEO];80s;2018;3:01;Sturm & Dreck
0512;Fergie;Big Girls Don't Cry;-;-;4:28;-
0513;Fettes Brot;Emanuela [VIDEO];Hip-Hop;-;3:14;-
0514;Fleetwood Mac;Don’t Stop (Album Version);80s;1977;3:13;-
0515;Fleetwood Mac;Dreams;80s;1976;4:18;-
0516;Fleetwood Mac;Everywhere [VIDEO];80s;1987;3:42;Tango in the Night
0517;Fleetwood Mac;Go Your Own Way (Album Version);80s;1976;3:44;-
0518;Fleetwood Mac;Gypsy [VIDEO];80s;1982;4:50;Mirage
0519;Fleetwood Mac;Landslide;80s;1975;3:19;Fleetwood Mac
0520;Fleetwood Mac;Little Lies [VIDEO];80s;1987;3:39;Tango in the Night
0521;Fleetwood Mac;Never Going Back Again;80s;1976;2:14;-
0522;Fleetwood Mac;Rhiannon (Album Version);80s;1975;4:10;-
0523;Fleetwood Mac;Say You Love Me [VIDEO];80s;1975;3:41;-
0524;Fleetwood Mac;Second Hand News;80s;1976;2:56;-
0525;Fleetwood Mac;Seven Wonders [VIDEO];80s;1987;3:37;-
0526;Fleetwood Mac;Silver Springs (Live) [VIDEO];80s;1977;5:34;Rumours
0527;Fleetwood Mac;The Chain;80s;1977;4:30;-
0528;Flogging Molly;Drunken Lullabies [VIDEO];80s;2002;4:09;Drunken Lullabies
0529;Flogging Molly;If I Ever Leave This World Alive [VIDEO];80s;2002;3:24;Drunken Lullabies
0530;Flogging Molly;Requiem for a Dying Song [VIDEO];80s;2008;3:30;Float
0531;Foo Fighters;Best of You;-;-;4:14;UltraStar
0532;Foo Fighters;Big Me;Rock;1995;2:13;Foo Fighters
0533;Foo Fighters;Everlong;Rock;1997;4:11;The Color and the Shape
0534;Foo Fighters;My Hero;Alternative Rock;1997;4:20;The Colour And The Shape
0535;Foo Fighters;The Pretender [VIDEO];Pop;2007;4:29;Now 68
0536;Fool's Garden;Lemon Tree;-;-;3:12;-
0537;Foreigner;I Want to Know What Love Is;-;-;5:04;-
0538;Frank Sinatra;Fly Me to the Moon (in Other Words);Jazz;1964;2:27;-
0539;Frank Sinatra;Love and Marriage;Big Band;-;2:39;-
0540;Frank Sinatra;My Way;-;-;4:38;-
0541;Frank Sinatra;New York, New York;Other;-;3:26;-
0542;Frank Sinatra;Santa Claus Is Coming to Town;-;-;2:33;-
0543;Frank Sinatra;Strangers In The Night;-;-;2:36;-
0544;Frank Turner;Photosynthesis [VIDEO];80s;2008;4:14;Love Ire & Song
0545;Frank Zander;Hier kommt Kurt;-;-;3:15;-
0546;Frank Zander;Oh Susi;Other;1977;4:13;-
0547;Frankie Goes To Hollywood;The Power of Love;-;-;5:09;-
0548;Franz Ferdinand;Do You Want To;Alternative;2005;3:38;-
0549;Franz Ferdinand;Take Me Out;-;-;3:57;-
0550;Franziska;Schau Mir Ins Gesicht;-;-;3:57;-
0551;Frauenarzt & Manny Marc;Das Geht Ab;Other;2008;3:29;Atzen Musik Vol. 1
0552;Fred Astaire;I Sing in the Rain;-;-;1:26;-
0553;Frei.Wild;Arschtritt;Rock;2008;3:52;Gegen alles, gegen nichts
0554;Frei.Wild;Südtirol;Deutschrock;2009;3:50;Hart am Wind
0555;Freundeskreis;Mit Dir;Other;-;4:41;-
0556;Frittenbude;Mindestens in 1000 Jahren [VIDEO];80s;2008;4:50;Nachtigall
0557;Fritz & The Downhill Gang;Genie Auf Die Ski;-;-;3:37;Ultrastar
0558;Fünf Sterne Deluxe;Dein Herz Schlägt Schneller;Hip-Hop;1998;4:15;Sillium
0559;GANGgajang;Sounds of Then (This Is Australia);Rock;1985;3:54;Ultrastar
0560;Garbage;The World Is Not Enough;Alternative;1999;3:56;The World Is Not Enough CD
0561;Geier Sturzflug;Bruttosozialprodukt;GENRE;-;3:00;TITLE
0562;Genesis;I Can't Dance;Other;-;4:01;-
0563;Genesis;Land of Confusion;-;-;5:30;-
0564;George Michael;Careless Whisper;-;-;4:41;UltraStar (Singstar)
0565;George Michael;Faith;-;-;2:37;-
0566;Gigi D'Agostino;The Riddle [VIDEO];Other;-;3:29;-
0567;Girls Aloud;Love Machine [VIDEO];-;-;3:37;-
0568;Glashaus;Haltet Die Welt An;-;-;4:16;-
0569;Gloria Gaynor;I Am What I Am;-;-;3:52;-
0570;Gnarls Barkley;Crazy;-;-;3:01;-
0571;Goldfinger;99 Red Balloons;-;2004;4:02;Stomping Ground
0572;Goldfinger;Superman;80s;1997;3:07;Hang-Ups
0573;Good Charlotte;Girls & Boys;-;-;3:05;UltraStar (Singstar)
0574;Good Charlotte;I Just Wanna Live;Alternative;2004;2:46;The Chronicles of Life and Death
0575;Good Charlotte;Predictable;Punk Rock;2004;3:11;The Chronicles Of Life And Dea
0576;Good Charlotte;The Anthem [VIDEO];Sound Track;2003;2:57;American Wedding
0577;Gorillaz;Feel Good Inc.;-;-;3:43;UltraStar
0578;Grailknights;Moonlit Masquerade;-;-;6:25;-
0579;Grease;Your the One That I Want;Other;-;2:50;-
0580;Green Day;American Idiot [VIDEO];Punk Rock;2004;2:54;American Idiot
0581;Green Day;Are We the Waiting;Punk Rock;2004;2:43;American Idiot
0582;Green Day;Basket Case;Punk;-;3:03;-
0583;Green Day;Boulevard of Broken Dreams;-;-;4:21;-
0584;Green Day;Brain Stew;Alternative Rock;2001;3:13;International Superhits!
0585;Green Day;Jesus of Suburbia;Other;-;9:08;American Idiot
0586;Green Day;Longview [VIDEO];80s;1994;3:47;-
0587;Green Day;Minority;Alternative;-;2:45;October
0588;Green Day;She;80s;1994;2:15;Dookie
0589;Green Day;Time of Your Life;Alternative;1998;2:34;Nimrod
0590;Green Day;Wake Me up When September Ends;Punk Rock;2004;4:45;American Idiot
0591;Green Day;When I Come Around;-;-;2:58;Dookie
0592;Grinspoon;Hard Act to Follow;Rock;2004;3:28;Ultrastar
0593;Guano Apes;Big in Japan;Rock;2000;2:56;Pop 2000
0594;Guildo Horn & Die Orthopädischen Strümpfe;Guildo Hat Euch Lieb;-;-;3:06;Ultrastar
0595;Guns N' Roses;Knocking on Heavens Door.mp3;Other;-;5:36;MTV Unplugged
0596;Guns N' Roses;Paradise City;Other;-;6:45;-
0597;Guru Josh Project;Infinity 2008 [VIDEO];-;-;3:09;-
0598;Gwen Stefani;What You Waiting For;Pop;2004;3:42;Star 98.7 Radio Rip
0599;H-Blockx;Duality of Mind;-;-;3:41;-
0600;H-Blockx;Little Girl;Crossover;1994;4:42;Time To Move
0601;Haddaway;What Is Love;Other;-;4:31;-
0602;Halogenpoeten;Die Ersten;-;-;4:04;-
0603;Hammerfall;At the End of the Rainbow;UltraStar;1998;4:06;UltraStar
0604;Hammerfall;Blood Bound;-;-;4:02;-
0605;Hammerfall;Hearts on Fire;Rock/Pop;-;3:54;Crimson Thunder
0606;Hammerfall;Renegade;-;-;4:22;-
0607;Hammerfall;The Fire Burns Forever;-;-;3:22;-
0608;Hannah Montana;Life's What You Make It;-;2007;3:08;-
0609;Hannah Montana;Nobody's Perfect;-;2006;3:19;-
0610;Hannah Montana;The Climb;Pop;2009;3:55;Hannah Montana- The Movie
0611;Hard Fi;Hard to Beat;-;-;3:28;-
0612;Harpo;Moviestar;Other;1997;3:21;Reklamklassiker vol1
0613;Hasenscheisse;Die Nackte Elfe;Classical;-;5:00;-
0614;Hector Alfonso;Take a Look Around [VIDEO];None;1999;5:08;-
0615;Heinz Rudolf Kunze & Pe Werner;Dein ist mein ganzes Herz [VIDEO];Pop;2016;3:24;-
0616;Helge Schneider;Katzeklo;Techno;-;3:04;Bravo Hits 6 - Disc 1
0617;Herbert Grönemeyer;Der Weg;Pop;2002;4:18;Mensch
0618;Herbert Grönemeyer;Halt Mich;Pop;1988;3:30;Ö
0619;Herbert Grönemeyer;Mensch;Pop;2002;4:01;Mensch
0620;Herbert Grönemeyer;Männer;Other;-;4:00;4630 Bochum
0621;Hermans Hermits;No Milk Today;-;-;1:22;-
0622;Hermes House Band;Country Roads;-;-;3:15;Ultrastar
0623;Hermes House Band;Those Were The Days (J and R);-;-;3:31;-
0624;HIM;Buried Alive by Love;80s;2003;5:01;Love Metal
0625;HIM;Heartache Every Moment;80s;2001;3:56;Deep Shadows and Brilliant Highlights
0626;HIM;Heartkiller [VIDEO];80s;2010;3:35;-
0627;HIM;Join Me [VIDEO];None;1999;3:34;-
0628;HIM;Poison Girl [VIDEO];80s;1999;3:51;Razorblade Romance
0629;HIM;Right Here in My Arms [VIDEO];80s;1999;3:30;Razorblade Romance
0630;HIM;The Funeral of Hearts [VIDEO];80s;2003;3:40;Love Metal
0631;Hole;Celebrity Skin;Alternative;1998;2:42;Celebrity Skin
0632;Hollies;Words Don't Come Easy;-;-;3:28;-
0633;Hoobastank;The Reason;Rock;2003;3:53;Reason
0634;Howard Carpendale;Deine Spuren im Sand;-;-;2:41;-
0635;Hubert Kah;Sternenhimmel;GENRE;-;3:05;TITLE
0636;Hund Am Strand;Jungen Mädchen;-;-;2:47;-
0637;Höhner;Viva Colonia (Da Simmer Dabei, Dat Is Prima!);-;-;3:11;Ultrastar
0638;Höhner;Wenn Nicht Jetzt, Wann Dann (Weltmeister Version);-;-;3:04;Ultrastar
0639;Ich + Ich;Du erinnerst mich an Liebe;-;-;3:32;-
0640;Ich + Ich;So soll es bleiben [VIDEO];Pop;-;3:42;-
0641;Imagine Dragons;Bad Liar;Alternative;-;4:28;-
0642;INXS;Never Tear Us Apart;Pop;1988;3:09;Ultrastar
0643;Iron Maiden;Fear of the Dark;Metal;1992;7:17;Fear Of The Dark
0644;Iron Maiden;Flight of Icarus;Metal;1983;3:50;Piece Of Mind
0645;Iron Maiden;Hallowed Be Thy Name;Heavy Metal;1982;7:10;The Number Of The Beast
0646;Iron Maiden;Rime of the Ancient Mariner;UltraStar;-;13:39;UltraStar
0647;Iron Maiden;The Trooper;Metal;1983;4:12;Piece of Mind
0648;IXI;Der Knutschfleck;GENRE;-;4:02;TITLE
0649;Jackson 5;I Want You Back;R&B;-;2:59;Random.1
0650;Jackson 5;My Girl;-;-;3:09;-
0651;Jamelia;Stop;Slow;-;3:37;-
0652;Jamelia;Superstar;-;-;3:30;UltraStar (Singstar)
0653;James Blunt;Wise Men;-;-;3:47;-
0654;James Blunt;You're Beautiful [VIDEO];-;2005;3:33;Back to Bedlam
0655;James Brown;I Feel Good;Other;-;2:47;-
0656;Jamiroquai;Deeper Underground;-;-;4:20;UltraStar (Singstar Part 2)
0657;Jana Werner;Es war einmal im Dezember;-;-;2:50;-
0658;Janis Joplin;Mercedes Benz;Alternative;1998;2:15;Janis Disc 3
0659;Jason Mraz;I'm Yours [VIDEO];Pop;2008;4:03;singlecharts.frac.dk
0660;Javine;Real Things;-;-;3:24;UltraStar
0661;JaySean Ft. The Rishi Rich Project;Eyes on You [VIDEO];R&B;2004;2:48;Now 58
0662;JBO;Der Spatz in der Hand;-;-;3:30;-
0663;JBO;Ein guter Tag zum Sterben (terminale Version);-;-;5:43;-
0664;JBO;Ejaculation Praecox;Metal;1995;5:07;Explizite Lyrik
0665;JBO;Frauen;Metal;1995;3:50;Explizite Lyrik
0666;JBO;Ich möcht so gerne Metal hör'n;-;-;3:30;Sex Sex Sex
0667;JBO;Verteidiger des Blödsinns;Metal;1998;6:52;Meister der Musik
0668;Jennifer Lopez;Ain't It Funny;R&B;2001;4:06;J Lo
0669;Jessica Folckner;How Will I Know;Pop;1998;3:36;-
0670;Jet;Are You Gonna Be My Girl;-;-;3:43;-
0671;Joachim Witt;Goldener Reiter;GENRE;-;4:25;TITLE
0672;Joe Cocker;You Can Leave Your Hat On;Other;-;4:16;The Best Of
0673;Joe Cocker & Jennifer Warnes;Up Where We Belong;-;-;3:59;-
0674;Johanna Von Koczian;Das bisschen Haushalt;Oldies;1999;3:05;Schlager Souvenirs der 70er
0675;Johnny Cash;Hurt;Rock;2002;3:39;American IV (The Man Comes Aro
0676;Johnny Cash;Ring of Fire;-;-;2:38;Singstar Legends
0677;JoJo;Leave Get Out;Blues;-;3:49;-
0678;Jonas Brothers;Burnin' Up [VIDEO];Pop;-;3:01;-
0679;Jordin Sparks Feat. Chris Brown;No Air [VIDEO];-;-;4:48;-
0680;Joshua Morin;On the Run;Other;-;4:48;-
0681;Juanes;La Camisa Negra;Pop;2005;3:36;mi sangre
0682;Judas Priest;You've Got Another Thing Comin';-;-;4:22;UltraStar
0683;Juli;Dieses Leben;-;-;3:54;-
0684;Juli;Geile Zeit;-;-;3:42;-
0685;Juli;Perfekte Welle;Pop;2004;3:17;bravo hits 45
0686;Juli;Regen Und Meer;-;-;3:37;-
0687;Juli;Warum;-;-;3:46;-
0688;Juli;Wir Beide [VIDEO];-;-;2:56;-
0689;Juliane Werding;Am Tag als Conny Kramer starb;-;-;3:28;-
0690;Juliane Werding;Stimmen Im Wind;Pop;1986;3:32;Stationen
0691;Julio Iglesias & Dolly Parton;When You Tell Me That You Love Me;Pop;2003;4:00;Love Songs-CD
0692;Jumpy & Mungo Jerry;In Der Winterzeit;-;-;2:51;Ultrastar
0693;Justin Timberlake;Can't Stop the Feeling! [VIDEO];Unknown;-;4:45;-
0694;Jürgen;Immer Wenn Ich Taurig Bin;-;-;2:58;-
0695;Jürgen Drews;Ein Bett im Kornfeld;Blues;-;3:23;Schlager Bild
0696;Jürgen Drews;König Von Mallorca;-;-;4:53;-
0697;K2;Der Berg Ruft;-;-;3:20;Ultrastar
0698;Kaiser Chiefs;Na Na Na Na Naa [VIDEO];-;-;3:00;-
0699;Karel Gott;Die Biene Maja;Other;-;2:35;Schlager Bild - CD 2
0700;Kate Bush;Running up That Hill;-;-;4:55;-
0701;Kate Bush & Peter Gabriel;Don't Give Up;Blues;-;5:55;-
0702;Kate Ryan;Only If I;-;-;3:15;-
0703;Kate Yanai;Summer Dreaming (Bacardi Feeling);-;-;3:39;-
0704;Katrina And The Waves;Walking on Sunshine;-;-;3:59;-
0705;Katy Perry;California Gurls (feat. Snoop Dogg);Pop;2010;4:02;California Gurls (Ft. Snoop Dogg)
0706;Katy Perry;Hot N Cold [VIDEO];Pop;2008;3:45;German Top100 Single Charts
0707;Katy Perry;I Kissed a Girl [VIDEO];Pop;2008;3:04;-
0708;Katy Perry;Teenage Dream;Pop;2010;3:47;Teenage Dream-(Track Fix)
0709;Ke$ha;Backstabber;Pop;2010;3:10;Animal
0710;Ke$ha;Take It Off;Pop;2010;3:43;Animal
0711;Ke$ha;Your Love Is My Drug;Pop;2010;3:08;Animal
0712;Ke$ha Feat. 3Oh!3;Blah Blah Blah;Pop;2010;2:54;Animal
0713;Keane;Everybody's Changing;-;-;3:36;-
0714;Keane;Somwhere Only We Know;-;-;3:48;6Music With Steve Lamacq
0715;Kelly Clarkson;Beautiful Disaster;Other;-;4:12;-
0716;Kelly Clarkson;Because of You;Pop;2004;3:39;Breakaway
0717;Kelly Clarkson;Behind These Hazel Eyes;Pop;2004;3:19;Breakaway
0718;Kelly Clarkson;Breakaway [VIDEO];Other;-;3:55;-
0719;Kelly Clarkson;Since U Been Gone [VIDEO];Other;-;3:12;-
0720;Kettcar;Deiche [VIDEO];Alternative rock;2005;3:13;Von Spatzen und Tauben, Dächern und Händen
0721;Kettcar;Landungsbrücken raus [VIDEO];Alternative rock;2002;4:15;Du und wieviel von deinen Freunden
0722;Kid Rock;All Summer Long [VIDEO];Pop;2008;3:45;-
0723;Killerpilze;Ich Kann Auch Ohne Dich;-;-;3:11;-
0724;Killing Heidi;I Am;Rock;2004;3:28;Ultrastar
0725;Kim Carness;Bette Davis Eyes;Pop;1981;3:50;Mistaken Identity
0726;Kim Wilde;Kids in America;Singstar Music;2006;3:18;Singstar Anthems
0727;Kings Of Leon;The Bucket;-;-;2:59;-
0728;KISS;I Was Made for Loving You;UltraStar;-;4:30;UltraStar
0729;Klaus Lage;Faust auf Faust;-;-;4:00;-
0730;Klaus Lage;Klaus Lage - 1000 und eine Nacht;-;-;3:21;-
0731;Klaus Und Klaus;An der Nordseeeküste;-;-;3:38;-
0732;Knorkator;Alter Mann [VIDEO];Industrial;2007;2:58;Das nächste Album aller Zeiten
0733;Knorkator;Arschgesicht [VIDEO];Industrial;2011;3:15;Es werde Nicht
0734;Knorkator;Der ultimative Mann;Industrial;2003;3:50;Ich hasse Musik
0735;Knorkator;Die Narrenkappe;Industrial;1999;4:10;Hasenchartbreaker
0736;Knorkator;Du nich [VIDEO];Industrial;2011;4:54;Es werde Nicht
0737;Knorkator;Ferien in Algerien;Industrial;2001;12:31;Die 1.
0738;Knorkator;Ich bin ein ganz besond’rer Mann;Industrial;1999;4:10;Hasenchartbreaker
0739;Knorkator;Lied vom Pferd;Industrial;2007;2:50;Das nächste Album aller Zeiten
0740;Knorkator;Weg nach unten [VIDEO];Rock;1999;3:07;The Schlechtst Of Knorkator
0741;Knorkator;Wie weit ist es bis zum Horizont [VIDEO];Industrial;2003;4:20;Ich hasse Musik
0742;Knorkator;Wir werden alle sterben [VIDEO];Industrial;2005;4:11;Das nächste Album aller Zeiten
0743;Knorkator;www.einliebeslied.com;Industrial;2007;3:12;Das nächste Album aller Zeiten
0744;Kontra K;Farben;Rap;-;3:41;-
0745;KoЯn;Alone I Break;Rock;2004;0:00;Greatest Hits, Vol. 1 Disc 1
0746;KoЯn;Did My Time;Rock;2003;0:00;Take a Look in the Mirror
0747;KoЯn;Freak on a Leash [VIDEO];Metal;1998;0:00;Follow the Leader
0748;KoЯn;Got the Life;Metal;1998;0:00;Follow the Leader
0749;KoЯn;Here to Stay;Rock;2002;0:00;Untouchables
0750;Krümel;Mädchen Mädchen;-;-;2:44;-
0751;Krümel;Zieh Dich Aus Wir Müssen Reden;-;-;3:27;Ultrastar
0752;KT Tunstall;Black Horse and the Cherry Tree;-;-;2:52;-
0753;Kylie Minogue;Cant Get You out of My Head [VIDEO];Other;-;3:49;-
0754;Kylie Minogue;I Should Be So Lucky;-;-;3:23;UltraStar
0755;Kylie Minogue;In Your Eyes;Pop;2001;3:21;Fever
0756;Lacrimosa;Lichtgestalt [VIDEO];Gothic;2005;5:12;Lichtgestalt
0757;Lacrimosa;Stolzes Herz;Gothic;1997;8:47;Stille
0758;Lady Gaga;Bad Romance [VIDEO];None;2009;5:08;-
0759;Lady Gaga;Just Dance [VIDEO];None;2008;4:06;-
0760;Lady Gaga;Paparazzi [VIDEO];None;2008;7:11;-
0761;LaFee;Jetzt Erst Recht;Pop;2007;4:09;Jetzt erst Recht
0762;Lagwagon;Change Despair;-;-;1:56;-
0763;Laith Al Deen;Leb Den Tag;-;-;4:01;-
0764;Laith Al-Deen;Alles An Dir;-;-;3:41;-
0765;Laith Al-Deen;Bilder Von Dir;-;-;4:11;UltraStar (From German Singstar)
0766;Lea Salonga;I'd Give My Life for You;-;-;5:24;-
0767;Lenny Kravitz;Again [VIDEO];80s;2000;4:34;-
0768;Lenny Kravitz;Are You Gonna Go My Way [VIDEO];None;1993;0:00;-
0769;Lenny Kravitz;Fly Away;Pop;1998;3:44;Veronica Top 1000 --- 2005
0770;Lenny Kravitz;I’ll Be Waiting [VIDEO];80s;2008;4:38;It Is Time for a Love Revolution
0771;Leona Lewis;Better in Time [VIDEO];Pop;2008;3:57;-
0772;Les Misérables;Ich hab geträumt vor langer Zeit;-;-;3:24;-
0773;Liberty X;Just a Little;-;-;3:53;UltraStar (Singstar)
0774;Lightning Seeds;Three Lions;-;-;4:01;-
0775;Limahl;The Neverending Story;Pop;-;3:29;Greatest Hits Of The 80's - Cd
0776;Limp Bizkit;Behind Blue Eyes;RockNRoll;2003;4:32;-
0777;Limp Bizkit;Break Stuff [VIDEO];80s;1999;2:47;Significant Other
0778;Limp Bizkit;Nookie [VIDEO];80s;1999;4:28;Significant Other
0779;Linkin Park;Bleed It Out;Rock;-;2:44;Minutes to Midnight
0780;Linkin Park;Breaking the Habit (Live Earth);-;-;4:39;-
0781;Linkin Park;Breaking the Habit [VIDEO];Metal;-;3:18;Meteora
0782;Linkin Park;Crawling;-;-;3:29;-
0783;Linkin Park;Don't Stay;Metal;2003;3:07;Meteora
0784;Linkin Park;In the End;Other;-;3:36;title
0785;Linkin Park;Leave Out All the Rest [VIDEO];-;2008;3:31;-
0786;Linkin Park;Little Boxes;Other;2007;0:51;Weeds - Season 3 - Episode 14
0787;Linkin Park;My December;Rock;-;4:19;Underground
0788;Linkin Park;Numb [VIDEO];Metal;-;3:08;Meteora
0789;Linkin Park;One Step Closer;Alternative Rock;2000;2:36;Hybrid Theory
0790;Linkin Park;Runaway;-;-;2:36;-
0791;Linkin Park;Shadow of the Day [VIDEO];Other;-;4:35;-
0792;Linkin Park;Somewhere I Belong;Metal;2003;3:33;Meteora
0793;Linkin Park;The Little Things Give You Away;Rock;2007;6:26;Minutes To Midnight
0794;Linkin Park;What I´ve Done;Alternative;2007;3:29;Minutes To Midnight
0795;Lionel Richie;All Night Long;Dance;-;4:16;Top 100 Dance Hits
0796;Liquido;Narcotic;Blues;-;2:50;-
0797;Little Richard;Tutti Frutti;-;-;2:19;-
0798;Little Shop Of Horrors;Skid Row (Downtown);Showtunes;-;4:16;-
0799;Loikaemie;Trinkfestigkeit;-;2007;5:11;-
0800;Lollies;Wenn Du Denkst Du Denkst;-;-;3:03;Ultrastar
0801;Lordi;Hard Rock Hallelujah [VIDEO];Other;-;3:08;-
0802;Lostprophets;Last Summer;Alternative;2004;4:07;Start Something
0803;Lotto King Karl;Hamburg meine Perle;-;-;4:18;-
0804;Lou Bega;Mambo No 5;Pop;1999;3:42;-
0805;Loud Luxury & Brando;Body;No idea;-;2:43;-
0806;Louis Amstrong;What a Wonderfull World;Blues;19;2:22;-
0807;Luka Neuser;Zeit Für Helden;-;-;3:25;-
0808;Lynyrd Skynyrd;Sweet Home Alabama;Other;-;4:58;-
0809;Lützenkirchen;3 Tage Wach [VIDEO];-;-;3:03;-
0810;M2M;Don't Say You Love Me;Pop;2000;3:46;-
0811;Madicken/Lisabet;Pilutta-visan;Other;1999;2:23;Most Wanted Astrid
0812;Madness;Our House;-;-;3:23;-
0813;Madonna;Frozen;Pop/Funk;1998;5:00;Ray of Light
0814;Madonna;Give It to Me [VIDEO];Other;2008;4:41;-
0815;Madonna;Hung Up;Other;2006;3:24;_2006 Billboard- Singel- Track
0816;Madonna;Into the Groove;-;-;4:11;-
0817;Madonna;La Isla Bonita;-;1987;3:49;20 Years Of MTV-German Charts
0818;Madonna;Like a Prayer [VIDEO];Other;-;5:33;-
0819;Madonna;Like a Virgin;-;-;3:49;UltraStar (Singstar)
0820;Madonna;Rainbow High;Soundtrack;1996;2:28;Evita
0821;Madonna;Take a Bow;-;-;5:21;-
0822;Madonna Feat. Justin Timberlake;4 Minutes [VIDEO];-;2008;4:06;-
0823;Madsen;Du Schreibst Geschichte;-;-;3:13;-
0824;Madsen;Ich rette die Welt;80s;2006;3:24;Goodbye Logik
0825;Madsen;Liebeslied [VIDEO];80s;2008;3:56;Frieden im Krieg
0826;Madsen;Vielleicht [VIDEO];80s;2005;3:37;Madsen
0827;Mando Diao;Down in the Past;-;2005;3:57;-
0828;Manfred Mann;Do Wah Diddy Diddy;Rock;1999;2:25;-
0829;Manowar;Warriors of the World [VIDEO];UltraStar;2002;4:32;UltraStar
0830;Marc Clear;Engel aus Kristall;-;-;3:45;-
0831;Marco Bandero;Herzfest;-;-;4:03;-
0832;Mariah Carey;Hero;-;-;4:20;-
0833;Mariah Carey;Without You;-;-;3:36;-
0834;Marianne Rosenberg;Er gehört zu mir;Other;-;3:01;Deutsche Schlager - Volume 2, 70er Jahre
0835;Marianne Rosenberg;Marleen;-;-;4:17;-
0836;Marillion;Kayleigh;Rock;1985;3:37;Misplaced Childhood Disc 1
0837;Marit Larsen;If a Song Could Get Me You;Pop;2009;3:23;German Top100 Single Charts
0838;Marius Müller Westernhagen;Es geht mir gut;Pop;26;4:45;Affentheater
0839;Marius Müller Westernhagen;Johnny Walker (Live);-;-;4:55;-
0840;Mark Medlock & Dieter Bohlen;You Can Get It [VIDEO];-;-;3:31;-
0841;Mark Ronson Feat. Amy Winehouse;Valerie [VIDEO];Pop;2008;3:40;Valerie
0842;Markus;Ich will Spaß;-;2004;2:59;Die Hit-Giganten - Deutsche Hits CD 1
0843;Marlene Dietrich;Ich bin von Kopf bis Fuß auf Liebe eingestellt;-;-;3:05;-
0844;Maroon5;This Love;-;-;3:23;UltraStar
0845;Martin Kesici;Angel of Berlin;Other;-;3:46;-
0846;Marusha;Over the Rainbow;-;-;5:28;-
0847;Mary Roos;Pinocchio;-;-;3:08;-
0848;Matthias Reim;Verdammt Ich Lieb' Dich;-;-;3:14;-
0849;Max Herre;Alter Weg;Other;-;2:01;Max Herre
0850;Max Mutzke;Can't Wait Until Tonight;Pop;2005;3:02;Max Mutzke
0851;Max Raabe;Kein Schwein ruft mich an;Pop;1994;3:42;Burned Hits Vol. II
0852;Maximo Park;Apply Some Pressure;-;-;2:42;-
0853;Maxïmo Park;Books from Boxes [VIDEO];80s;2007;3:17;Our Earthly Pleasures
0854;Maya Saban Feat. Cosmo Klein;Das Alles Ändert Nichts Daran;-;-;3:42;-
0855;Me First And The Gimme Gimmes;Ain't No Sunshine;-;-;1:45;-
0856;Me First And The Gimme Gimmes;All My Lovin';Punk;2001;1:55;Blow in the Wind
0857;Me First And The Gimme Gimmes;Mandy;Punk;1997;2:27;Have A Ball
0858;Me First And The Gimme Gimmes;Uptown Girl;Punk;1997;2:22;Have A Ball
0859;Meat Loaf;I'd Do Anything for Love (but I Won't Do That);-;-;0:00;-
0860;Meat Loaf;Objects in the Rear View Mirror May Appear Closer Than They Are;-;-;7:42;-
0861;Meat Loaf;Rock and Roll Dreams Come Through;Rock;1993;5:51;Bat Out Of Hell II - Back Into Hell
0862;Meat Loaf;Two out of Three Ain't Bad;-;-;5:23;-
0863;Melanie C.;First Day of My Life;Other;-;4:03;First Day Of My Life
0864;Men At Work;Down Under;Rock;1982;3:40;Ultrastar
0865;Metallica;Battery;80s;1986;5:12;-
0866;Metallica;Die, Die My Darling;80s;1998;2:29;Garage Inc.
0867;Metallica;Fade to Black;Rock;2004;6:55;Ride The Lightning
0868;Metallica;For Whom the Bell Tolls;Heavy Metal;1984;5:11;Ride_The_Lightning
0869;Metallica;Master of Puppets;-;-;8:34;-
0870;Metallica;Nothing Else Matters;-;-;6:19;-
0871;Metallica;One [VIDEO];80s;1988;7:44;…And Justice For All
0872;Metallica;Sad but True;-;-;5:21;-
0873;Metallica;The Unforgiven;Rock;-;6:22;Metallica (Black Album)
0874;Metallica;The Unforgiven Ii;Metal;1997;6:36;ReLoad
0875;Metallica;Welcome Home (Sanitarium);80s;1986;6:27;-
0876;Metallica;Whiplash;80s;1983;4:08;-
0877;Metallica;Whiskey in the Jar;UltraStar;-;5:05;UltraStar
0878;Metallica & Symphony;Enter Sandman;-;-;4:38;S&M CD2
0879;Michael Andrews Feat. Gary Jules;Mad World;Blues;-;3:10;(tears for fears cover)
0880;Michael Bubblé;Everything;-;-;3:35;-
0881;Michael Holm;Baby, du bist nicht alleine;misc;-;3:59;Star Collection
0882;Michael Holm;Lucille;-;-;3:45;-
0883;Michael Holm;Tränen lügen nicht;Other;-;3:55;Schlager Bild
0884;Michael Jackson;Bad;Pop;1987;4:07;Bad
0885;Michael Jackson;Beat It;-;-;4:18;-
0886;Michael Jackson;Billie Jean;-;-;4:54;-
0887;Michael Jackson;Billie Jean;-;-;4:54;-
0888;Michael Jackson;Black or White;Pop;1995;4:16;History (Disc 1)
0889;Michael Jackson;Don't Stop Till You Get Enough;Swing;1999;6:06;Off The Wall
0890;Michael Jackson;Earth Song;Other;-;6:46;-
0891;Michael Jackson;Heal the World;Pop;2005;6:25;The Essential Michael Jackson
0892;Michael Jackson;History;Rock;1995;6:37;History
0893;Michael Jackson;Liberian Girl;Pop;1987;3:54;Bad
0894;Michael Jackson;Man in the Mirror;Pop;1987;5:19;Bad
0895;Michael Jackson;Smooth Criminal;Pop;1987;4:19;Bad
0896;Michael Jackson;The Way You Make Me Feel;Pop;1987;5:00;Bad
0897;Michael Jackson;Thriller;Pop;2009;5:14;Bravo Hits Vol.66
0898;Michael Jackson;Wanna Be Starting Something;Pop;-;6:03;Thriller
0899;Michael Jackson;You Are Not Alone;-;-;4:49;-
0900;Michael Wendler;Nina;-;-;3:51;-
0901;Michael Wendler;Sie Liebt Den DJ;-;-;3:29;-
0902;Michela;Chameleon [VIDEO];Pop;-;3:07;-
0903;Mickie Krause;Finger Im Po Mexiko;-;-;3:27;Ultrastar
0904;Mickie Krause;Jan Pillemann Otze;Pop;2008;3:37;10 Jahre Gute Unterhaltung!
0905;Mickie Krause;Laudato Si;-;-;3:23;Ultrastar
0906;Mickie Krause;Orange Trägt Nur Die Müllabfuhr;-;-;3:29;-
0907;Mickie Krause;Zieh dich aus kleine Maus;Pop;2000;2:52;Schweinkram
0908;Midnight Oil;Beds Are Burning;Blues;-;4:16;-
0909;Mika;Grace Kelly;Pop;2007;3:08;Life In Cartoon Motion
0910;Mike Oldfield Feat. Maggie Reilly;Moonlight Shadow;Other;-;3:38;-
0911;Milk And Sugar Feat. John Paul Young;Love Is in the Air;House;2003;3:47;Housemusic.de CD
0912;Mis-Teeq;Scandalous;-;-;4:14;UltraStar (Singstar)
0913;Misc Cartoons;Arielle Unter Dem Meer;Soundtrack;-;3:12;Soundtrack Collection
0914;Misc Cartoons;Chala Head Chala [VIDEO];-;-;1:48;Dragon Ball Z
0915;Misc Cartoons;Chip & Chap Theme [VIDEO];-;-;1:02;-
0916;Misc Cartoons;Dan Dan Kokoro Hikareteku;Other;-;3:30;Dragon Ball Z
0917;Misc Cartoons;Darkwing Duck Theme;-;-;0:57;-
0918;Misc Cartoons;Darkwing Duck Theme;-;-;0:57;-
0919;Misc Cartoons;Du wirst unbesiegbar sein [VIDEO];None;-;3:50;-
0920;Misc Cartoons;Ducktales Theme;-;-;0:57;-
0921;Misc Cartoons;Family Guy Theme;-;-;0:30;-
0922;Misc Cartoons;Gummibärenbande Theme;-;-;1:01;-
0923;Misc Cartoons;Kickers Intro [VIDEO];-;-;1:28;-
0924;Misc Cartoons;König der Löwen Seid bereit;soundtrack;-;3:40;Der König der Löwen
0925;Misc Cartoons;Mila Superstar;Blues;-;1:45;-
0926;Misc Cartoons;Saber Rider;-;-;2:27;-
0927;Misc Cartoons;Sailor Moon Theme [VIDEO];None;-;1:28;-
0928;Misc Cartoons;Spongebob Schwammkopf;Blues;2002;0:42;-
0929;Misfits;Astro Zombies;Punk;1982;2:11;Walk Among Us
0930;Misfits;Hybrid Moments [VIDEO];Punk;1997;1:40;Static Age
0931;Modern Talking;Cheri Cheri Lady;Anni 80;2002;3:46;One Shot '80 - Vol.8 [More L..
0932;Modjo;Lady (Hear Me Tonight);-;-;5:08;-
0933;Monrose;Shame [VIDEO];2006-11;-;3:54;Temptation
0934;Monsters Of Liedermaching;BlasenschwÃ¤che;Alternative;-;4:10;-
0935;Monty Python;Always Look on the Bright Side of Life;-;-;3:35;-
0936;Motörhead;Ace of Spades;-;-;2:45;UltraStar
0937;Moulin Rouge;Come What May (Cd-version);Soundtrack;2001;4:48;Moulin Rouge-OST
0938;MOULIN ROUGE;The Show Must Go On (Cd-version);Soundtrack;2002;3:04;OST-2
0939;Mr. Big;To Be with You;-;-;3:27;-
0940;Mudvayne;World So Cold;Blues;-;5:37;-
0941;Mulan;I'll Make a Man out of You;-;-;3:22;-
0942;Mundstuhl;Germans [VIDEO];Other;2006;3:28;-
0943;Mungo Jerry;In the Summertime;-;-;3:32;-
0944;Murderdolls;White Wedding;-;-;3:35;-
0945;Mutabor;(Es gibt keine) Liebe;Ska;1997;3:49;-
0946;Mutabor;Immer wieder;Ska;1997;3:17;Mutabor
0947;Mutabor;Kanapee;Ska;1997;3:29;Mutabor
0948;Mutabor;Saufen;Ska;1997;3:03;Mutabor
0949;My Chemical Romance;Famous Last Words (Single);-;2007;4:59;-
0950;My Chemical Romance;Welcome to the Black Parade;Blues;-;5:11;-
0951;Münchener Freiheit;Ohne Dich;-;-;4:07;-
0952;Natalie Imbruglia;Torn;-;-;4:09;-
0953;Natasha Bedingfield;These Words;-;-;3:36;-
0954;Ne-Yo;Closer [VIDEO];-;-;3:55;-
0955;Neil Sedaka;Oh Carol;Rock & Roll;-;2:19;-
0956;Nelly Furtado;Maneater [VIDEO];Other;-;5:09;-
0957;Nena;99 Red Balloons;-;-;3:54;-
0958;Nena;Irgendwie, Irgendwo, Irgendwann;-;-;7:14;-
0959;Nena;Leuchtturm;Pop;2002;4:14;20 Jahre - Das Jubiläums-Album
0960;Nena;Liebe ist;-;-;4:02;-
0961;Nena;Nena-99 Luftballons;Euro-Techno;-;3:56;-
0962;New Kids On The Block;Step by Step;-;-;4:27;-
0963;Nic;Ich Will Dich Für Immer;-;-;3:33;-
0964;Nickelback;How You Remind Me [VIDEO];-;-;3:48;-
0965;Nicole;Ein Bißchen Frieden;-;2002;3:02;Absolute Number One 1975 - 1983
0966;Nightwish;Amaranth;-;-;3:54;-
0967;Nightwish;Dark Chest of Wonders;-;-;4:29;-
0968;Nightwish;Dead Gardens;Heavy Metal;2004;4:28;Once
0969;Nightwish;Nemo;Power Metal;2004;4:36;Once
0970;Nightwish;Sleeping Sun [VIDEO];Metal;1999;4:04;Sleeping Sun (4 Ballads of the Eclipse)
0971;Nightwish;The Islander [VIDEO];Other;2007;5:07;-
0972;Nightwish;Wanderlust;Gothic Rock;2000;4:50;Wishmaster
0973;Nightwish;Wish I Had an Angel;Gothic;2004;4:05;Once
0974;Nightwish;Wishmaster;Gothic;-;4:25;-
0975;Nino De Angelo;Jenseits Von Eden;-;-;3:50;-
0976;Nirvana;Come as You Are;Other;-;3:39;-
0977;Nirvana;Dumb;-;-;2:32;In utero
0978;Nirvana;Heart-shaped Box [VIDEO];None;1993;4:42;-
0979;Nirvana;Lake of Fire (Unplugged);Grunge;1994;2:56;MTV Unplugged In New York
0980;Nirvana;Lithium;Other;-;4:16;-
0981;Nirvana;Pennyroyal Tea (Unplugged);Rock;1994;3:40;MTV Unplugged in New York
0982;Nirvana;Rape Me;-;-;2:50;In Utero
0983;Nirvana;Sliver [VIDEO];Grunge;1990;2:10;-
0984;Nirvana;Smells Like Teen Spirit;Rock;-;5:03;Best Of...
0985;Nirvana;Where Did You Sleep Last Night (Unplugged);Grunge;1994;5:06;MTV Unplugged In New York
0986;No Angels;Daylight in Your Eyes;-;-;3:28;-
0987;No Angels;Like Ice in the Sunshine;-;-;2:54;-
0988;No Angels;Someday;-;-;3:15;UltraStar (Singstar Part 2)
0989;No Angels;There Must Be an Angel;Pop;1;3:55;-
0990;No Doubt;Don't Speak;Other;-;4:24;-
0991;No Doubt;It´s My Life;Pop;2003;3:46;-
0992;No Doubt;Underneath It All [VIDEO];Ska;2001;4:26;Rock Steady
0993;No Mercy;Where Do You Go;-;-;4:18;-
0994;NOFX;Franco Un-american [VIDEO];Punk;2003;2:26;The War on Errorism
0995;NOFX;Idiots Are Taking Over;Punk;2003;3:21;The War on Errorism
0996;NOFX;Leave It Alone;Punk;1994;2:22;Punk in Drublic
0997;NOFX;Linoleum;Skate Punk;1994;2:10;-
0998;NOFX;Murder the Government;-;-;0:46;-
0999;NOFX;The Man I Killed;Punk;2006;1:19;Wolves in Wolves’ Clothing
1000;Norah Jones;Sunrise;Jazz;2004;3:21;Feels Like Home
1001;O-Zone;Dragostea Din Tei;Pop;2004;3:34;-
1002;Oasis;Champagne Supernova;Rock;2002;7:30;Only Hits
1003;Oasis;Don't Look Back in Anger;Ambient Alternative;1995;4:48;(What's The Story) Morning Glory
1004;Oasis;Oasis - Stop Crying Your Heart Out;Other;2002;4:12;Heathen Chemistry
1005;Oasis;Wonderwall;Rock;1995;4:18;(What's The Story) Morning Glory
1006;Obi;Wie, wo, was weiß Obi;-;-;0:40;-
1007;Ohrbooten;An Alle Ladies;-;-;3:52;-
1008;Olaf Henning;Cowboy Und Indianer;-;-;5:11;Ultrastar
1009;Olesoul;Was Kostet Die Welt;-;-;2:37;-
1010;Oliver Pocher;Schwarz Und Weiss;-;-;3:54;Ultrastar
1011;Onkel Tom Angelripper;In München steht ein Hofbräuhaus;-;-;5:14;-
1012;Oomph;Augen auf [VIDEO];-;2003;3:26;Wahrheit oder Pflicht
1013;Opus;Live Is Life;-;-;4:15;-
1014;Original Deutschmacher;Lebenslang Grün-Weiss;-;2004;3:41;Lebenslang Grünweiss
1015;Otto;Arschgesicht;Comedy;2002;3:06;Only Otto
1016;Otto Waalkes;Im Wagen vor mir;Comedy;2002;1:56;Only Otto
1017;Otto Waalkes;Wir haben Grund zum Feiern;Other;-;1:24;Otto Das Allerbeste
1018;Outcast;Roses [VIDEO];Pop;2004;4:14;bravo hits 46
1019;Ozzy Osbourne;Dreamer;Other;2001;4:45;Down to Earth
1020;Ozzy Osbourne;Mr. Crowley;Other;2003;4:10;The Essential CD1
1021;Panic! At The Disco;Hey Look Ma, I Made It [VIDEO];Unknown;2018;3:05;-
1022;Panic! At The Disco;I Write Sins Not Tragedies;-;-;3:07;UltraStar
1023;Papa Roach;Last Resort [VIDEO];Rock;2000;3:19;Infest
1024;Paris Hilton;Stars Are Blind [VIDEO];Other;-;3:54;-
1025;Party Animals;Der Betze Ruft;Other;-;3:51;-
1026;Patrick Nuo;5 Days;-;-;3:21;UltraStar (Singstar Part 2)
1027;Patrick Swayze;She´s Like the Wind;-;-;3:53;-
1028;Paul Anka;Paul Anka - Stand by Me;-;-;2:55;-
1029;Paul Anka;The Way You Make Me Feel;Swing;2005;3:50;Rock Swings
1030;Paul McCartney;Mull of Kintyre;-;-;4:43;-
1031;Paul Stanley;Live to Win;-;-;3:08;-
1032;Pet Shop Boys;Go West;Rock;-;5:00;-
1033;Peter Cornelius;Du entschuldige i kenn di;Other;-;4:21;no title
1034;Peter Cornelius;Reif für die Insel;Other;-;4:40;no title
1035;Peter Fox;Haus Am See;Alternative;2008;3:36;Stadtaffe
1036;Peter Gabriel;Solsbury Hill;Other;-;4:20;-
1037;Peter Maffay;Nessaja;-;-;4:12;-
1038;Peter Maffay;So bist Du;-;-;5:07;-
1039;Peter Maffay;Und es war Sommer;-;-;4:05;-
1040;Peter Maffay;Über 7 Brücken;Pop;1980;4:33;-
1041;Peter Schilling;Major Tom;-;-;4:41;UltraStar (From German Singstar)
1042;Peter Wackel;Joana;-;-;2:34;-
1043;Peter Wackel;Ladioo;-;-;3:52;Ultrastar
1044;Peter Wackel;Manchmal Möchte Ich Schon Mit Dir;-;-;3:10;-
1045;Peter Wackel;Ü 30;-;-;3:27;Ultrastar
1046;Petula Clark;Downtown;-;-;3:04;UltraStar (Singstar)
1047;Phantom Planet;California;-;-;3:14;-
1048;Phill Collins;Another Day in Paradise;-;-;5:23;Best of Phil Collins
1049;Pink;Get the Party Started;-;-;3:10;UltraStar (Singstar)
1050;Pink;Just Like a Pill [VIDEO];-;-;3:56;UltraStar
1051;Pink;So What [VIDEO];Pop;2008;3:36;German Top100 Single Charts
1052;Pink;Who Knew;-;-;3:30;-
1053;Pink Floyd;Another Brick in the Wall;-;-;4:02;-
1054;Pink Floyd;Hey You;Classic Rock;2001;4:40;Echoes - The Best Of Pink Floyd
1055;Pink Floyd;Wish You Were Here;Classic Rock;2001;5:21;Echoes - The Best Of Pink Floyd
1056;Pippi Langstrump;Här kommer Pippi Langstrump;Other;1999;1:06;Most Wanted Astrid
1057;Placebo;Commercial for Levi;80s;2000;2:21;Black Market Music
1058;Placebo;Days Before You Came;80s;2000;2:33;Black Market Music
1059;Placebo;Every You Every Me [VIDEO];80s;1998;3:35;Without You I’m Nothing
1060;Placebo;Special K [VIDEO];80s;2000;3:49;Black Market Music
1061;Placebo;Teenage Angst [VIDEO];80s;1996;2:45;Placebo
1062;Placebo;The Bitter End [VIDEO];80s;2003;3:11;Sleeping With Ghosts
1063;Pokémon;Theme (German) [VIDEO];None;-;3:18;-
1064;Police;King of Pain [VIDEO];Pop;2015;4:56;-
1065;Powderfinger;(Baby I've Got You) on My Mind;Rock;2003;3:40;Ultrastar
1066;Powderfinger;These Days;Rock;2000;4:03;Ultrastar
1067;Powerwolf;Demons Are a Girl’s Best Friend [VIDEO];Heavy metal;2018;4:38;The Sacrament of Sin
1068;Powerwolf;Fire & Forgive [VIDEO];Powermetal;2018;5:14;The Sacrament of Sin
1069;Powerwolf;Incense & Iron [VIDEO];Heavy metal;2018;4:00;The Sacrament of Sin
1070;Powerwolf;Sanctified with Dynamite;Heavy metal;2011;4:26;Blood of the Saints
1071;Pretenders;Brass in Pocket [VIDEO];80s;1980;3:01;Pretenders
1072;Pretenders;Don’t Get Me Wrong [VIDEO];80s;1986;3:52;Get Close
1073;PS Alex;Eine Frau Die Mich Nach Hause Trägt;-;-;0:54;Ultrastar
1074;Puddle Of Mudd;She Hates Me;Rock;2001;3:25;Come Clean Advance Cd
1075;Puhdys;Alt wie ein Baum;Rock/Pop;-;2:21;50 Jahre Rock-ThomasGottschalk präs.-CD2
1076;Pur;Abenteuerland;Pop;1995;6:26;Abenteuerland
1077;Pur;Ein Graues Haar;Pop;1995;4:34;Abenteuerland
1078;Pur;Hab mich wieder mal an dir betrunken;-;-;4:23;-
1079;Pur;Halt dich fest;Unbekannt;-;3:41;Kein Titel
1080;Pur;Indianer [VIDEO];-;-;3:58;-
1081;Pur;Lena [VIDEO];-;-;4:29;-
1082;Queen;A Kind of Magic [VIDEO];None;1986;0:00;-
1083;Queen;Another One Bites the Dust;rock;-;3:37;Greatest Hits I
1084;Queen;Bohemian Rhapsody [VIDEO];None;1975;5:59;-
1085;Queen;Don´t Stop Me Now;rock;-;3:31;Greatest Hits
1086;Queen;Good Old-fashioned Lover Boy [VIDEO];Classic rock;1976;2:57;A Day at the Races
1087;Queen;Hammer to Fall;Other;-;3:40;-
1088;Queen;I Want to Break Free [VIDEO];Classic rock;1984;4:23;The Works
1089;Queen;In Only Seven Days;Rock;1978;2:30;Jazz
1090;Queen;Killer Queen;-;-;3:01;-
1091;Queen;Love of My Life;Rock;1991;3:39;A Night At the Opera(Album 75)
1092;Queen;Radio Ga Ga [VIDEO];Classic rock;1984;5:48;The Works
1093;Queen;Somebody to Love [VIDEO];Classic rock;1976;5:09;A Day at the Races
1094;Queen;The Show Must Go On;-;2002;4:22;The Platinum Collection- Great
1095;Queen;Too Much Love Will Kill You;Rock;2000;4:20;Made In Heaven
1096;Queen;We Are the Champions;-;-;3:01;-
1097;Queen;Who Wants to Live Forever;-;-;5:16;-
1098;Queen + David Bowie;Under Pressure [VIDEO];Classic rock;1981;4:08;-
1099;Queens Of The Stone Age;Go with the Flow;-;-;2:27;-
1100;R Kelly;I Believe I Can Fly;-;-;5:22;-
1101;R.E.M.;Daysleeper;Sconosciuto;-;3:41;-
1102;R.E.M.;Imitation of Life;-;-;1:13;-
1103;R.E.M.;Losing My Religion [VIDEO];Other;2003;4:29;In Time- The Best of R.E.M. 1988-2003
1104;R.E.M.;Man on the Moon;Alternative Rock;1992;5:14;Automatic for the people
1105;R.E.M.;Nightswimming;Alternative Rock;1992;4:18;Automatic for the people
1106;R.E.M.;Strange Currencies;Alternative Rock;1994;3:53;Monster
1107;Rabaue;Was Kann Ich Denn Dafür ... (Dass Ich Schön Bin);-;-;3:06;Ultrastar
1108;Radiohead;Creep;-;-;3:56;UltraStar
1109;Radiohead;Exit Music (for a Film);Alternative;1997;2:13;OK Computer
1110;Radiohead;High and Dry [VIDEO];Britpop;1995;4:19;The Bends
1111;Radiohead;Karma Police;Alternative;1997;4:24;OK Computer
1112;Radiohead;No Surprises [VIDEO];Britpop;1997;3:47;OK Computer
1113;Rage Against The Machine;Guerrilla Radio [VIDEO];80s;1999;3:40;The Battle of Los Angeles
1114;Rage Against The Machine;Killing in the Name [VIDEO];80s;1992;5:14;Rage Against the Machine
1115;Rammstein;Amerika;Metal;2004;3:43;Amerika Single
1116;Rammstein;Engel;-;-;4:24;-
1117;Rammstein;Engel (English Version);Other;-;4:25;Sehnsucht
1118;Rammstein;Feuer Frei;Metal;2001;3:11;Mutter
1119;Rammstein;Mein Teil [VIDEO];Metal;2007;4:24;Kein Engel [Bootleg]
1120;Rammstein;Mutter;-;-;3:40;-
1121;Rammstein;Nebel;Rock;2005;4:56;Mutter
1122;Rammstein;Ohne Dich;Punk Rock;2001;5:38;-
1123;Rammstein;Rosenrot;Rock;2005;3:54;Rosenrot
1124;Rammstein;Seemann [VIDEO];UltraStar;-;4:48;UltraStar
1125;Ramones;Blitzkrieg Bop;-;-;2:14;UltraStar
1126;Ray Parker Jr.;Ghostbusters [VIDEO];Tophits;-;4:06;-
1127;Reamonn;Supergirl;genre;-;4:04;Supergirl Maxi
1128;Red Hot Chili Peppers;Californication;Rock;1999;5:21;Californication
1129;Red Hot Chili Peppers;Dani California;-;-;4:44;-
1130;Red Hot Chili Peppers;Otherside;Rock;1999;4:16;Californication
1131;Red Hot Chili Peppers;Under the Bridge;Other;-;4:22;-
1132;Rednex;Cotton Eye Joe;-;-;3:15;Ultrastar
1133;Reinhard Mey;Über den Wolken;Other;-;3:39;-
1134;REO Speedwagon;Can't Fight This Feeling [VIDEO];Rock;-;4:51;-
1135;Revolverheld;Die Welt Steht Still [VIDEO];Rock;2005;3:38;Die Welt Steht Still CDM
1136;Revolverheld;Freunde Bleiben;-;-;3:52;-
1137;Revolverheld;Generation Rock;-;-;2:51;-
1138;Rheinländer;Wir Alle Wollen Immer Nur Das Eine;-;-;3:06;Ultrastar
1139;Richard Sanderson;Reality;-;-;4:48;-
1140;Ricky Martin;Livin' La Vida Loca;-;-;3:45;UltraStar (Singstar)
1141;Right Said Fred;Stand Up For The Champions;-;-;3:17;-
1142;Right Said Fred;You're My Mate;-;-;3:20;Ultrastar
1143;Rihanna;Disturbia [VIDEO];Other;-;4:30;-
1144;Rihanna;Don't Stop the Music;Pop;-;3:43;-
1145;Rihanna;Shut up and Drive;R&B;2007;3:33;Good Girl Gone Bad
1146;Rihanna;Take a Bow [VIDEO];Pop;2008;3:56;-
1147;Ring Um Die Eier;Ring Um Die Eier;Other;-;2:28;-
1148;Rio Reiser;Junimond [VIDEO];Neue Deutsche Welle;1986;3:48;Rio I.
1149;Rio Reiser;König Von Deutschland (#94) [VIDEO];Neue Deutsche Welle;1994;3:24;-
1150;Rob Thomas;Little Wonders;Rock;2007;3:41;Little Wonders
1151;Robbie Williams;Advertising Space;-;-;0:00;-
1152;Robbie Williams;Angels;Pop;2004;4:26;Very Best Of New Woman
1153;Robbie Williams;Come Undone;Pop;2002;4:38;Escapology
1154;Robbie Williams;Eternity;-;-;5:03;Eternity/The Road To Mandalay
1155;Robbie Williams;Feel;Pop;2002;4:21;Escapology
1156;Robbie Williams;Let Me Entertain You [VIDEO];Terror;1999;4:26;www.dammers.homepage.com
1157;Robbie Williams;Rock Dj;Pop;2000;4:19;Promo CD Single.
1158;Robbie Williams;She's Madonna;-;-;4:19;-
1159;Robbie Williams;She's the One;-;-;4:18;-
1160;Robbie Williams;Supreme;Pop;2002;4:10;-
1161;Robbie Williams;Tripping;Pop;2005;4:06;Intensive Care
1162;Robbie Williams & Kylie Minogue;Kids;Pop;2000;4:47;Light Years
1163;Robbie Williams & Nicole Kidman;Something Stupid;-;-;2:51;-
1164;Robyn;Show Me Love;Pop;2003;3:51;Singstar - Svenska hits
1165;Rolf Zuckowski;In Der Weihnachtsbäckerei;-;-;2:57;-
1166;Ronan Keating;If Tomorrow Never Comes;Pop;2002;3:37;If Tomorrow Never Comes
1167;Ronan Keating Feat. Yusuf Islam;Father and Son;Charts;2005;3:21;The Dome Vol. 33 CD 2
1168;Rosenstolz;Es Könnt' Ein Anfang Sein;Pop;2001;3:54;PROMO
1169;Rosenstolz;Ich bin ich (Wir sind wir);-;-;3:39;-
1170;Rosenstolz;Liebe Ist Alles;⠱㈩佴桥;-;3:28;-
1171;Rosenstolz;Willkommen;-;-;4:21;-
1172;Roxette;Crash! Boom! Bang!;Pop;1994;5:02;Crash! Boom! Bang!
1173;Roxette;Dangerous [VIDEO];80s;1988;3:52;Look Sharp!
1174;Roxette;It Must Have Been Love [VIDEO];-;-;4:14;-
1175;Roxette;Listen to Your Heart;Pop;1988;5:28;Look sharp!
1176;Roxette;Sleeping in My Car [VIDEO];80s;1994;3:41;Crash! Boom! Bang!
1177;Roxette;The Look [VIDEO];80s;1988;3:52;Look Sharp!
1178;Roxette;Wish I Could Fly;Other;2007;4:37;Ultrstar - Pop Hits
1179;Roy Orbison;Oh Pretty Woman;-;-;3:02;UltraStar (Singstar)
1180;Roy Orbison;You Got It [VIDEO];Pop;1988;3:34;-
1181;Rufus Wainwright;Hallelujah;-;-;4:09;-
1182;Rühmann's (Sch)erben;Ein Freund, Ein Guter Freund;-;-;3:35;Ultrastar
1183;Samajona;Halte die Zeit;-;-;3:52;-
1184;Samajona;So Schwer;Pop;2002;3:39;Crème Frech
1185;Sandi Thom;I Wish I Was a Punk Rocker;Blues;2009;2:42;-
1186;Santana Feat. Rob Thomas;Smooth;Rock;1999;4:58;Supernatural
1187;Sasha;If You Believe;-;-;3:55;-
1188;Save Ferris;Come On Eileen;Ska;1997;4:10;It Means Everything
1189;Schandmaul;Willst du;Folk;-;3:56;Wahre Helden
1190;Schäfer Heinrich;Das Schäferlied;-;-;3:22;-
1191;Scooter;Jumping All over the World;-;-;3:49;-
1192;Scooter;One (Always Hardcore) [VIDEO];Other;-;3:53;-
1193;Scorpions;Wind of Change;-;-;4:24;-
1194;Scott McKenzie;San Francisco;-;-;3:01;-
1195;Seeed;Ding;-;-;3:26;-
1196;Seether;Fake It [VIDEO];80s;2007;3:21;Finding Beauty in Negative Spaces
1197;Seether;Fine Again [VIDEO];80s;2000;4:05;Fragile
1198;Seether;Remedy [VIDEO];80s;2005;3:27;Karma and Effect
1199;Seether;Rise Above This [VIDEO];80s;2007;3:29;Finding Beauty in Negative Spaces
1200;Seether Feat. Amy Lee;Broken [VIDEO];80s;2004;4:22;-
1201;Selig;Ist Es Wichtig;Goa;-;3:49;-
1202;September;Cry or You [VIDEO];-;-;2:48;-
1203;Serebro;Song #1;Pop;2007;3:01;Eurovision Song Contest 2007
1204;Shaggy;Angel;Other;-;3:55;-
1205;Shaggy;It Wasn't Me;R&B;2000;3:47;Hot Shot
1206;Shakira;Don't Bother;Pop;2005;2:47;-
1207;Shakira;Hips Don´t Lie;Pop;2005;3:40;Oral Fixation
1208;Shakira;Whenever Wherever;-;-;3:17;The Power of Love Vol. 2
1209;Sheryl Crow;Strong Enough;-;-;3:12;-
1210;Silbermond;Durch die Nacht;-;-;4:10;-
1211;Silbermond;Symphonie;Other;-;4:34;-
1212;Simon & Garfunkel;Bridge over Troubled Water;-;-;4:55;-
1213;Simon & Garfunkel;Mrs. Robinson;-;-;3:01;-
1214;Simon & Garfunkel;The Sound of Silence;Other;-;3:08;-
1215;Simple Minds;Don't You Forget About Me;-;-;4:21;Glittering price
1216;Simple Plan;Untitled;Punk Rock;2004;4:00;still not getting  any
1217;Simple Plan;Welcome to My Life;Punk Rock;2004;3:23;still not getting  any
1218;Simply Red;Say You Love Me;-;-;0:00;-
1219;Sinead O'Connor;Nothing Compares 2 U;-;-;5:07;-
1220;Sister Sledge;We Are Family;Soundtrack;1997;3:35;The Full Monty Soundtrack
1221;Sixpence None The Richer;Kiss Me;-;-;3:16;-
1222;SKA-P;Cannabis;Latin;1999;4:25;El Vals Del Obrero
1223;Ska-P;Tio Sam;Rock;-;4:21;Planeta Eskoria
1224;Slade;Far Far Away;-;-;3:36;-
1225;Slime;Nazis raus;-;-;2:13;-
1226;Slipknot;Duality [VIDEO];Metal;2004;3:35;Duality
1227;Slipknot;Wait & Bleed;-;-;2:33;Diverse Interpreten (P - S)
1228;Smallville;Season 7 Intro;-;-;0:50;-
1229;Smash Mouth;All Star;Blues;-;3:22;Astro Lounge
1230;Smokie;Living Next Door to Alice;-;-;3:27;-
1231;Smokie;Needles and Pins;-;-;2:42;-
1232;Snow Patrol;Run;-;-;4:10;-
1233;Sodom;Aber bitte mit Sahne;Blues;1993;3:17;Aber bitte mit Sahne
1234;Soft Cell;Tainted Love;-;-;2:56;-
1235;Soko;I'll Kill Her;Alternative;2007;3:53;Not Sokute
1236;Sonny And Cher;I Got You Babe;-;-;3:13;-
1237;Sophie Ellis Bextor;Murder on the Dancefloor;-;-;3:46;UltraStar (Singstar)
1238;Spandau Ballet;Gold;-;-;3:49;-
1239;Spice Girls;2 Become 1;-;-;4:01;-
1240;Spice Girls;Let Love Lead the Way;-;-;4:59;-
1241;Spice Girls;Viva Forever;Other;-;4:13;best of 98
1242;Spice Girls;Wannabe;-;-;3:59;-
1243;Spice Girls;Who Do You Think You Are;Pop;2004;3:57;Boom 20 Aniversario
1244;Spider Murphy Hang;Skandal Im Sperrbezirk;-;-;3:36;-
1245;Sportfreunde Stiller;54´74´90´2006;Rock;-;3:13;You Have To Win Zweikampf
1246;Sportfreunde Stiller;54´74´90´2010;-;2006;3:07;-
1247;Sportfreunde Stiller;Ein Kompliment [VIDEO];-;2002;3:16;-
1248;Sportfreunde Stiller;Ich roque;Other;-;3:21;-
1249;Staind;It's Been a While;Rock;-;4:26;Break The Cycle
1250;Star Trek Voyager;The Doctor - La donna é mobile;-;-;2:56;-
1251;Starship;Nothing's Gonna Stop Us Now;-;-;3:47;UltraStar
1252;Starship;We Built This City;-;-;4:59;-
1253;Status Quo;In the Army Now;-;-;3:54;-
1254;Stefan Peters;Schwarze Natascha;-;-;3:19;-
1255;Stefan Raab;Maschen-Draht-Zaun;Unbekannt;-;4:10;Unbekanntes Album (24.03.2006 21-16-08)
1256;Stefan Remmler;Einer Ist Immer Der Loser;-;-;4:02;-
1257;Stefanie Heinzmann;My Man Is a Mean Man [VIDEO];Pop;2008;3:33;German Top100 Single Charts
1258;Steppenwolf;Born to Be Wild;-;-;3:30;-
1259;Stereophonics;Dakota;Other;-;4:01;-
1260;Stevie Wonder;I Just Called to Say I Love You [VIDEO];Other;2002;4:22;-
1261;Sting;Englishman in New York;-;-;4:27;-
1262;Sting;Fragile;-;-;3:54;-
1263;Strandgeier;Hände Hoch;-;-;2:29;-
1264;Sublime;Santeria [VIDEO];80s;1996;3:16;Sublime
1265;Sublime;What I Got [VIDEO];80s;1996;2:51;Sublime
1266;Subway To Sally;Erdbeermund;National Folk;1995;3:44;MCMXCV
1267;Subway To Sally;Kleid aus Rosen;Other;2001;5:02;Herzblut
1268;Sugababes;Overload;Pop;2000;4:16;-
1269;Sugababes;Push the Button;Pop;2005;3:39;Taller In More Ways
1270;Sugababes;Round Round;-;-;3:53;UltraStar (Singstar)
1271;Sum 41;Fat Lip [VIDEO];80s;2001;3:19;All Killer No Filler
1272;Sum 41;In Too Deep;-;-;3:34;-
1273;Sum 41;Motivation;Rock;2001;2:50;All Killer No Filler
1274;Sum 41;Pieces;Pop;2005;3:02;Chuck
1275;Sum 41;Still Waiting [VIDEO];80s;2002;3:44;Does This Look Infected
1276;Sum 41;Summer;80s;2001;2:49;All Killer No Filler
1277;Sum 41;The Hell Song [VIDEO];80s;2002;3:24;Does This Look Infected
1278;Sunrise Avenue;Choose to Be Me;Rock;2006;4:11;On The Way To Wonderland
1279;Sunrise Avenue;Diamonds;Rock;2006;3:14;On The Way To Wonderland
1280;Sunrise Avenue;Fairytale Gone Bad;Pop;2006;3:25;Ultrastar
1281;Sunrise Avenue;Forever Yours;Pop;2007;3:23;German Top100 Single Charts
1282;Sunrise Avenue;Heal Me;Rock;2006;4:22;On The Way To Wonderland
1283;Sunrise Avenue;Romeo;Rock;2006;4:03;On The Way To Wonderland
1284;Sunrise Avenue;Wonderland;Rock;2006;5:38;On The Way To Wonderland
1285;Supertramp;Breakfast in America;-;-;2:39;-
1286;Supertramp;Dreamer;Other;-;3:33;-
1287;Supertramp;Logical Song;-;-;3:16;-
1288;Survivor;Eye of the Tiger;-;-;4:04;-
1289;Susan Egan;A Change in Me;Genre;-;3:49;Album
1290;Sven Schumacher;Aufstehn, aufeinander zugehn;-;-;3:10;-
1291;Sylver;Why Worry;-;-;0:00;-
1292;System Of A Down;Aerials;Metal;-;6:11;Toxicity
1293;System Of A Down;Byob (Uncut);Metal;2005;4:19;Mesmerize
1294;System Of A Down;Chop Suey;-;2001;3:31;-
1295;System Of A Down;Hypnotize;Metal;2005;3:10;Hypnotize
1296;System Of A Down;Innervision;Rock;2002;2:35;Steal This Album!
1297;System Of A Down;Lonely Day;-;-;2:51;-
1298;System Of A Down;Needles;Metal;2001;3:13;Toxicity
1299;System Of A Down;Question;-;-;3:26;-
1300;System Of A Down;Revenga;-;-;3:48;-
1301;System Of A Down;Roulette;Other;2002;3:22;Steal This Album!
1302;System Of A Down;Soldier Side;Metal;2005;3:40;Hypnotize
1303;Söhne Mannheims;Geh davon aus;-;-;4:29;Singstar Legends
1304;Söhne Mannheims;Und wenn ein Lied;-;-;4:06;-
1305;Taio Cruz;Dynamite [VIDEO];R&B;2020;3:22;-
1306;Taio Cruz & Flo Rida;Hangover [VIDEO];R&B;2011;4:43;-
1307;Take That;Back for Good;Pop;-;4:05;-
1308;Take That;Patience;Pop;2006;3:22;Patience [CDS]
1309;Tanz Der Vampire;Gott Ist Tot;-;-;3:00;-
1310;Tanz Der Vampire;Totale Finsternis;-;-;6:19;Tanz der Vampire
1311;Taylor Swift;Anti-hero (Album Version) [VIDEO];Pop;2022;3:33;-
1312;Taylor Swift;Champagne Problems [VIDEO];Pop;-;4:07;-
1313;Taylor Swift;Me! [VIDEO];Pop;2019;3:24;-
1314;Taylor Swift;Shake It Off [VIDEO];Pop;2014;4:01;-
1315;Taylor Swift;You Belong with Me [VIDEO];Classical;-;3:48;-
1316;Taylor Swift;You Need to Calm Down [VIDEO];Pop;-;3:30;-
1317;Tears For Fears;Everybody Wants to Rule the World;Alternative;2001;4:08;Shout- The Very Best Of Tears
1318;Ted Gärdestad;Sol, vind och vatten;-;-;3:09;-
1319;Tenacious D;Fuck Her Gently;Rock;2003;2:03;Tenacious D
1320;Tenacious D;Kyle Quit;Rock;2003;1:29;Tenacious D
1321;Tenacious D;Tribute [VIDEO];80s;2001;4:53;Tenacious D
1322;Texas;Summer Son;Pop;-;4:04;The Greatest Hits
1323;Texas Lightning;No No Never;Other;-;3:01;Germany
1324;The All American Rejects;Gives You Hell [VIDEO];Pop;2009;3:29;-
1325;The Animals;House of the Rising Sun;-;-;4:32;-
1326;The Beatles;Help!;Pop;2002;2:21;Help!
1327;The Beatles;Let It Be;-;-;3:52;-
1328;The Beatles;She Loves You;-;-;2:18;-
1329;The Beatles;Strawberry Fields Forever;-;-;4:08;-
1330;The Beatles;Twist and Shout;Other;-;2:35;-
1331;The Beatles;Yellow Submarine;-;-;2:37;-
1332;The Beatles;Yesterday;-;-;2:05;-
1333;The Bloodhound Gang;Fire Water Burn [VIDEO];Rock;1996;4:51;One Fierce Beer Coaster
1334;The Bravey;An Honest Mistake;-;-;3:34;-
1335;The Brown Derbies;Gummi Bears;-;-;1:09;Nightcap
1336;The Cardigans;Lovefool;-;-;3:21;-
1337;The Cardigans;My Favourite Game;-;-;3:40;-
1338;The Church;The Unguarded Moment;Rock;2004;3:51;Ultrastar
1339;The Clash;Should I Stay or Should I Go;-;-;3:09;-
1340;The Cure;A Forest [VIDEO];Wave;1980;4:42;Seventeen Seconds
1341;The Cure;Boys Don’t Cry [VIDEO];Wave;1979;2:54;Three Imaginary Boys
1342;The Cure;Close to Me [VIDEO];-;-;3:39;-
1343;The Cure;Friday I’m in Love [VIDEO];Wave;1992;3:42;Wish
1344;The Cure;High [VIDEO];Wave;1992;3:30;Wish
1345;The Cure;In Between Days [VIDEO];Wave;1985;3:09;The Head on the Door
1346;The Cure;Just Like Heaven [VIDEO];Wave;1987;3:27;Kiss Me Kiss Me Kiss Me
1347;The Cure;Lovesong [VIDEO];Wave;1989;3:29;Disintegration
1348;The Cure;Lullaby [VIDEO];Wave;1989;4:20;Disintegration
1349;The Cure;The Lovecats [VIDEO];Wave;1983;3:43;Japanese Whispers
1350;The Dandy Warhols;Bohemian Like You;-;-;3:32;-
1351;The Doors;Break on Through [VIDEO];PSYCHEDELIC ROCK;1967;2:29;THE DOORS
1352;The Doors;House of the Rising Sun;-;-;4:32;-
1353;The Doors;Light My Fire;Psychedelic Rock;1967;3:08;The Doors [Remastered]
1354;The Everly Brothers;Bye Bye Love;Country;2002;2:25;Classic Country Giants CD 1
1355;The Exponents;Why Does Love Do This to Me;Rock;1999;3:21;Ultrastar
1356;The Foundations;Build Me up Buttercup;-;-;2:58;UltraStar
1357;The Greatest Showman;A Million Dreams;Unknown;-;4:29;-
1358;The Hives;Hate to Say I Told You So;Pop;1999;3:22;Veni, Vidi, Vicious
1359;The Ink Spots;I Don’t Want to Set the World on Fire;Blues;1941;3:04;-
1360;The Kid LAROI Feat. Justin Bieber;Stay [VIDEO];Pop general;2021;2:38;STAY
1361;The Killers;Human [VIDEO];Pop;2008;4:07;German Top100 Single Charts
1362;The Killers;Mr. Brightside [VIDEO];Rock;2004;3:43;Hot Fuss
1363;The Killers;Somebody Told Me;Other;-;3:18;-
1364;The Killers;When You Were Young;-;-;3:37;UltraStar
1365;The Kinks;Lola;-;-;3:12;-
1366;The Mamas And The Papas;California Dreamin';-;-;2:41;-
1367;The Mamas And The Papas;We Had Joy We Had Fun;Other;-;3:23;-
1368;The Offspring;All Along;Rock;2000;1:39;Conspiracy of One
1369;The Offspring;All I Want;-;-;1:54;-
1370;The Offspring;Hit That;Blues;-;2:49;-
1371;The Offspring;Leave It Behind;Rock;1997;1:58;Ixnay on the Hombre
1372;The Offspring;Original Prankster;Punk;2005;3:42;Greatest Hits
1373;The Offspring;Pretty Fly;Blues;-;3:09;-
1374;The Offspring;Self Esteem;Unbekannt;-;4:19;America
1375;The Offspring;Spare Me the Details;Punk Rock;2003;3:24;Splinter
1376;The Offspring;The Kids Aren't Alright;Other;-;3:02;Americana
1377;The Offspring;The Meaning of Life;Rock;1997;2:57;Ixnay On The Hombre
1378;The Offspring;Way Down the Line;-;-;2:39;Conspiracy Of One
1379;The Offspring;Why Don't You Get a Job;-;-;2:52;-
1380;The Platters;Only You;-;-;2:40;-
1381;The Platters;The Great Pretender;Pop;1999;2:40;Only Rock 'N Roll / 1955-1959
1382;The Police;De Do Do Do, De Da Da Da;TOP100/1981;1981;4:05;-
1383;The Police;Every Breath You Take [VIDEO];-;-;4:10;UltraStar
1384;The Police;Roxanne;-;-;3:14;-
1385;The Police;So Lonely;Blues;-;4:49;-
1386;The Police;Walking on the Moon;-;-;5:03;-
1387;The Prodigy;No Good (Start the Dance);Other;-;3:58;-
1388;The Pussycat Dolls;Don't Cha [VIDEO];Other;-;4:04;-
1389;The Pussycat Dolls;Stick Wit U;-;-;3:28;-
1390;The Rasmus;In the Shadows;Pop;2003;4:17;-
1391;The Rasmus;Livin´ in a World Without You [VIDEO];Other;-;3:59;-
1392;The Rembrandts;I'll Be There for You;-;-;3:09;-
1393;The Rocky Horror Picture Show;Time Warp;Soundtrack;-;3:19;Original Soundtrack
1394;The Rolling Stones;Paint It, Black;-;-;3:46;-
1395;The Screaming Jets;Better;Rock;1990;4:40;Ultrastar
1396;The Shirelles;Will You Love Me Tomorrow [VIDEO];-;1960;2:45;-
1397;The Skatoons;Kotzen;Ska;2003;3:08;Einmal Ska und zurück
1398;The Smiths;Girlfriend in a Coma;-;-;2:04;-
1399;The Smiths;This Charming Man;-;-;2:44;UltraStar
1400;The Smiths;You Just Haven't Earned It Yet, Baby;-;-;0:00;-
1401;The Subways;Rock and Roll Queen;Alternative;2006;2:51;Young for Eternity
1402;The Supremes;Stop! in the Name of Love;Oldies;1965;2:53;More Hits by the Supremes
1403;The Supremes;You Can’t Hurry Love;Soul;1966;2:55;-
1404;The Swingers;Counting the Beat;Rock;2000;2:59;Ultrastar
1405;The Temptations;My Girl;-;-;2:44;-
1406;The Tokens;The Lion Sleeps Tonight;-;-;2:43;-
1407;The Undertones;Teenage Kicks;-;-;2:26;-
1408;The Veronicas;4ever;Rock;2005;3:18;Ultrastar
1409;The Verve;Bitter Sweet Symphony;-;-;5:57;-
1410;The Wanted;Chasing the Sun;Unknown;-;3:15;-
1411;The Wombats;Let's Dance to Joy Division;-;-;3:11;-
1412;Thin Lizzy;The Boys Are Back in Town;-;-;2:41;-
1413;Tim Toupet;Ich Bin Ein Döner;-;-;3:08;-
1414;Tim Toupet;So Ein Schöner Tag Fliegerlied;-;-;3:29;-
1415;Tina Turner;Simply the Best;-;-;4:10;-
1416;Tokio Hotel;Durch Den Monsun;-;-;3:56;-
1417;Tokio Hotel;Krüppel Und Schwul;-;-;3:54;-
1418;Tokio Hotel;Schrei;-;-;3:21;-
1419;Tom Jones;It's Not Unusual;Other;-;2:03;-
1420;Tom Petty;Free Fallin';Rock;1989;4:16;Full Moon Fever
1421;Tom Petty & The Heartbreakers;Into the Great Wide Open;-;-;3:40;-
1422;Tones And I;Dance Monkey;Pop;-;3:56;-
1423;Toni Kater;Es muss nur weit sein;-;-;4:19;-
1424;Toni Kater;Toni & Tobi;-;-;3:42;-
1425;Tool;Sober;Other;-;5:03;-
1426;Torfrock;Beinhart;-;-;3:17;-
1427;Toto;Africa;-;-;3:54;UltraStar
1428;Toto;Hold the Line;-;-;3:56;-
1429;Toto;Rosanna;-;-;5:32;-
1430;Trio;Anna (Lassmichreinlassmichraus);-;-;2:43;-
1431;Trio;DaDaDa;Other;198;3:25;-
1432;Trivium;Dying in Your Arms [VIDEO];None;2005;3:05;-
1433;Trivium;Ember to Inferno [VIDEO];Thrash metal;2003;4:46;Ember to Inferno
1434;Trivium;In Waves [VIDEO];Metal;2011;7:02;-
1435;Twisted Sister;We're Not Gonna Take It;Heavy Metal;1992;3:40;Big Hits and Nasty Cuts
1436;U2;Beautiful Day;Pop;2000;4:08;All That You Can't Leave Behin
1437;U2;Elevation;-;-;3:37;-
1438;U2;I Still Haven't Found What I'm Looking For;General Rock;1998;4:41;BEST OF 1980-1990
1439;U2;Pride;-;-;3:49;-
1440;U2;The Sweetest Thing;Rock;1998;3:02;Sweetest THing (Promo)
1441;U2;Vertigo;-;-;3:09;Singstar Legends
1442;U2;With or Without You;-;-;4:56;-
1443;U2 & Green Day;The Saints Are Coming;Dance;-;3:24;Neues Album_1
1444;Udo Jürgens;17 Jahr;Pop;-;2:36;Fetenhits - Schlager 2   CD1
1445;Udo Jürgens;Aber bitte mit Sahne;-;-;3:38;-
1446;Udo Jürgens;Griechischer Wein;-;-;4:07;-
1447;Udo Jürgens;Ich war noch niemals in New York;Rock;2004;4:44;Aber bitte mit Sahne I+II
1448;Udo Jürgens;Lieb Vaterland;Rock;2004;3:47;Aber bitte mit Sahne I+II
1449;Udo Lindenberg;Ein Herz kann man nicht repariern;Other;-;4:15;-
1450;Udo Lindenberg Feat. Freundeskreis;You Can't Run Away;Other;-;3:54;-
1451;Ugly Kid Joe;Cats in the Cradle and the Silver Spoon;Gothic Rock;-;3:59;-
1452;Ultravox;Dancing with Tears in My Eyes;-;-;4:11;-
1453;Uncle Kracker;Follow Me [VIDEO];Other;-;3:48;-
1454;Uriah Heep;Lady in Black;Rock;1973;4:45;-
1455;Vanilla Ice;Ice Ice Baby;-;-;3:07;-
1456;Vater Abraham;Das Lied Der Schlümpfe;-;-;4:02;-
1457;Vengaboys;Boom boom boom boom;-;-;3:22;-
1458;Village People;Y.m.c.a;-;-;3:31;UltraStar (Singstar)
1459;VIZE X Tokio Hotel;White Lies [VIDEO];Pop general;2021;3:04;White Lies
1460;Walk The Moon;Shut up + Dance [VIDEO];Pop general;2014;4:06;Talking Is Hard
1461;Weezer;(If You’re Wondering If I Want You to) I Want You To [VIDEO];Pop;2009;3:32;-
1462;Weezer;Buddy Holly [VIDEO];80s;1994;4:01;Weezer
1463;Weezer;Island in the Sun [VIDEO];80s;2001;3:20;-
1464;Weezer;Keep Fishin';-;-;3:11;-
1465;Weezer;Memories [VIDEO];80s;2010;3:13;Hurley
1466;Weezer;Say It Ain’t So [VIDEO];80s;1994;4:19;Weezer
1467;Weird Al Yankovic;Jurassic Park;-;-;3:55;-
1468;Westlife;World of Our Own;-;-;3:26;UltraStar (Singstar)
1469;Wham!;Last Christmas [VIDEO];Pop;1997;1:51;-
1470;Wham!;Wake Me up Before You Go-go;-;-;3:51;-
1471;Wheatus;Teenage Dirtbag;-;-;4:03;-
1472;Whigfield;Saturday Night;Dance;1992;3:39;-
1473;Whitesnake;Here I Go Again;Rock;1987;4:37;Whitesnake
1474;Whitney Houston;Greatest Love of All [VIDEO];-;-;4:50;Singstar Legends
1475;Whitney Houston;I Wanna Dance with Somebody;Singstar Music;2006;4:47;Singstar Anthems
1476;Whitney Houston;One Moment in Time;Blues;2000;4:46;The Greatest Hits CD 1- Cool
1477;Wicked;I'm Not That Girl;Blues;-;3:02;-
1478;Wir Sind Helden;Denkmal [VIDEO];-;-;3:18;-
1479;Wir Sind Helden;Nur Ein Wort;-;-;3:45;-
1480;Wir Sind Helden;Soundso;-;-;3:37;-
1481;Wir Sind Helden;Von Hier An Blind;-;-;3:27;-
1482;Wir Sind Helden;Wenn es passiert;-;-;3:34;Ultarstar
1483;WIZO;All That She Wants [VIDEO];Punk;-;2:59;-
1484;WIZO;Closet;Punk;1995;2:42;Herrénhandtasche
1485;WIZO;Das goldene Stück;Punk;1994;3:29;UUAARRGH!
1486;WIZO;Gemein;Punk;1994;2:57;UUAARRGH!
1487;WIZO;Gute Freunde;Punk;1991;4:03;Für'n Arsch
1488;WIZO;Kein Gerede (Unzensiert);Punk;1991;2:46;Für'n Arsch
1489;WIZO;Kopf ab, Schwanz ab, Has!;Punk;2004;1:13;Anderster
1490;WIZO;Leichen;Punk;1992;4:01;Bleib tapfer
1491;WIZO;Nix und Niemand;Punk;1992;2:45;Bleib Tapfer
1492;WIZO;Poupée De Cire;Punk;1995;2:27;-
1493;WIZO;Quadrat im Kreis;80s;1995;3:28;Herrénhandtasche
1494;WIZO;Quadrat im Kreis [VIDEO];80s;1995;3:28;Herrénhandtasche
1495;WIZO;Quadrat im Kreis Live [VIDEO];Punk;2022;3:32;-
1496;WIZO;Raum der Zeit;Punk;1994;1:38;UUAARRGH!
1497;WIZO;Schlau, versaut und gutaussehend;Punk;2004;3:31;Anderster
1498;WIZO;Traumfrau;Punk;1990;2:25;Klebstoff
1499;WIZO;W8ing 4 U;80s;1994;3:13;UUAARRGH!
1500;Wolfgang Petry;Auf den Mond schiessen;Pop;2006;3:53;30 Jahre
1501;Wolfgang Petry;Augen zu und durch;Pop;2006;3:23;30 Jahre
1502;Wolfgang Petry;Bronze, Silber und Gold;None;-;3:14;-
1503;Wolfgang Petry;Denn eines Tages vielleicht (Live) [VIDEO];Deutscher Schlager;2009;2:47;Die großen Erfolge
1504;Wolfgang Petry;Der Himmel brennt;Deutscher Schlager;1983;3:25;Wahnsinn
1505;Wolfgang Petry;Du bist ein Wunder [VIDEO];Deutscher Schlager;2014;3:03;Einmal noch!
1506;Wolfgang Petry;Ganz oder gar nicht;Deutscher Schlager;1993;3:38;Verliebte Lieder
1507;Wolfgang Petry;Jessica;Deutscher Schlager;1993;3:28;Verliebte Lieder
1508;Wolfgang Petry;Mein Zuhaus;Deutscher Schlager;1996;4:31;Alles
1509;Wolfgang Petry;Ruhrgebiet;-;-;3:01;Tittis Tunten Hits
1510;Wolfgang Petry;Sommer in der Stadt;Deutscher Schlager;1976;4:12;-
1511;Wolfgang Petry;Verlieben,verloren,vergessen,verzeihn;Pop;2006;3:27;30 Jahre
1512;Wolfgang Petry;Wahnsinn;-;-;3:46;-
1513;Wolfgang Petry;Weiß der Geier;Deutscher Schlager;2014;3:43;Einmal noch!
1514;Wolfsheim;Kein zurück;Darkwave;2003;3:51;Kein Züruck CDS
1515;X-Perience;A Neverending Dream;Dance;1996;3:28;Charts Pure, Vol. 9
1516;Xavier Naidoo;Abschied nehmen;Soul;2002;6:59;Zwischenspiel - Alles für den Herrn
1517;Xavier Naidoo;Dieser Weg;-;-;3:59;-
1518;Xavier Naidoo;Wo Willst Du Hin;-;-;4:15;Singstar Legends
1519;Yello;Oh Yeah [VIDEO];-;-;1:45;-
1520;Yoomiii;A Kiss Is All I Miss;-;-;3:27;Ultrastar
1521;Yulia Savicheva;Visoko;Pop;2003;4:44;-
1522;Yvonne Catterfeld;Für Dich;Pop;2003;3:45;GZSZ Folge 2716 am 02.05.2003
1523;Yvonne Catterfeld;Sag Mir, Was Meinst Du;-;-;2:56;-
1524;Zac Efron And Vanessa Anne Hudgens (High School Musical);Breaking Free;Disney;-;3:39;Highschool Musical
1525;Zager & Evans;In the Year 2525;-;-;3:18;-
1526;Zascha;Seit Mehr Als 1000 Jahren;-;-;3:24;-
1527;Zebrahead;Playmate of the Year;Alternative Rock;2000;2:58;Playmate Of The Year
1528;Zlatko;Ich Vermiss Dich Wie Die Hölle;-;2000;3:04;Ich bleibe wer ich bin
1529;Zlatko & Jürgen;Großer Bruder;Blues;-;2:04;-
1530;Zoe Wees;Control;Classical;-;3:52;-
